message,created,files_updated,diff,author
chore(deps): update github/codeql-action digest to 83f0fe6,1685765715,['.github/workflows/codeql-analysis.yml'],"[('.github/workflows/codeql-analysis.yml', [37, 41], [37, 41])]",renovate[bot]
"fix: updated reset and help buttons (#50087)

Co-authored-by: Sboonny <muhammed@freecodecamp.org>
Co-authored-by: Bruce B <bbsmooth@gmail.com>",1685727655,"['client/src/assets/icons/help.tsx', 'client/src/assets/icons/reset.tsx', 'client/src/templates/Challenges/classic/editor.css', 'client/src/templates/Challenges/classic/lower-jaw.tsx']","[('client/src/assets/icons/help.tsx', [4, 5, 6, 8, 13, 14, 21, 22, 23, 24, 25, 26, 27, 28, 29, 30, 31, 32, 33, 34, 35, 36, 37, 38, 39, 40, 41, 42], [4, 5, 7, 8, 10, 11, 16, 17, 24, 25, 26, 27, 28, 29, 30, 31, 32, 33, 34, 35, 36, 37, 38, 39, 40, 41, 42, 43, 44, 45]), ('client/src/assets/icons/reset.tsx', [7, 8, 9, 10, 11, 12, 13, 14, 15, 16, 17], [7, 8, 9, 10, 11, 12, 13, 14, 15, 16, 17, 18]), ('client/src/templates/Challenges/classic/editor.css', [177, 178, 179, 180, 181, 184, 185, 186, 187, 188, 189], [177, 178, 179, 180, 181, 182, 183, 186, 187]), ('client/src/templates/Challenges/classic/lower-jaw.tsx', [16, 17, 51, 52, 60, 67, 77, 314, 315], [16, 17, 51, 52, 60, 63, 64, 75, 76, 317, 322])]",DEVelooper29
"chore(i18n,client): processed translations (#50588)",1685724107,"['client/i18n/locales/arabic/translations.json', 'client/i18n/locales/chinese-traditional/translations.json', 'client/i18n/locales/chinese/translations.json', 'client/i18n/locales/espanol/translations.json', 'client/i18n/locales/german/translations.json', 'client/i18n/locales/italian/translations.json', 'client/i18n/locales/japanese/translations.json', 'client/i18n/locales/portuguese/translations.json', 'client/i18n/locales/ukrainian/intro.json', 'client/i18n/locales/ukrainian/translations.json']","[('client/i18n/locales/arabic/translations.json', [532, 533], []), ('client/i18n/locales/chinese-traditional/translations.json', [532, 533], []), ('client/i18n/locales/chinese/translations.json', [532, 533], []), ('client/i18n/locales/espanol/translations.json', [532, 533], []), ('client/i18n/locales/german/translations.json', [532, 533], []), ('client/i18n/locales/italian/translations.json', [532, 533], []), ('client/i18n/locales/japanese/translations.json', [532, 533], []), ('client/i18n/locales/portuguese/translations.json', [532, 533], []), ('client/i18n/locales/ukrainian/intro.json', [1007, 1008, 1011, 1012], [1007, 1008, 1011, 1012]), ('client/i18n/locales/ukrainian/translations.json', [32, 532, 533], [32])]",camperbot
chore: change label name for learn,1685694124,['.github/labeler.yml'],,Mrugesh Mohapatra
feat(api): deprecate get account endpoint (#50419),1685686194,"['api-server/src/server/boot/user.js', 'api/src/routes/deprecated-endpoints.ts']","[('api-server/src/server/boot/user.js', [24, 38], [37, 170, 171, 172, 173]), ('api/src/routes/deprecated-endpoints.ts', [11, 12], [11])]",Muhammed Mustafa
fix(curriculum): added a word in the paragraph (#50550),1685684315,['curriculum/challenges/english/01-responsive-web-design/applied-accessibility/improve-accessibility-of-audio-content-with-the-audio-element.md'],"[('curriculum/challenges/english/01-responsive-web-design/applied-accessibility/improve-accessibility-of-audio-content-with-the-audio-element.md', [29], [29])]",Abhishek
"feat: update my username endpoint (#50271)

Co-authored-by: Oliver Eyton-Williams <ojeytonwilliams@gmail.com>",1685682290,"['api/package.json', 'api/prisma/schema.prisma', 'api/src/routes/settings.test.ts', 'api/src/routes/settings.ts', 'api/src/schemas.ts', 'api/tsconfig.json', 'pnpm-lock.yaml']","[('api/package.json', [16, 27], []), ('api/prisma/schema.prisma', [127], [127]), ('api/src/routes/settings.test.ts', [189, 190, 191, 192, 193, 194, 195, 196, 198, 200, 201, 202, 203, 204, 206, 207, 208, 209, 210, 211, 212, 214, 216, 217, 218, 219, 220, 222, 223, 224, 225, 226, 227, 228, 230, 232, 233, 234, 235, 236, 238, 239, 240, 241, 242, 243, 244, 246, 248, 249, 250, 251, 252, 254, 255, 256, 257, 258, 259, 260, 262, 263, 264, 265, 266, 267, 269, 270, 271, 272, 273, 274, 275, 277, 279, 280, 281, 282, 283, 285, 286, 287, 289, 290, 292, 293, 294, 295, 296, 297, 298, 299, 300, 301, 302, 303, 304, 305, 306, 307, 308, 309, 310, 311, 312, 314, 315, 316, 317, 318, 319, 321, 322, 323, 324, 325, 327, 328, 329, 330, 331, 332, 333, 334, 336, 337, 338, 339, 340, 341, 343, 344, 345, 346, 347, 348, 349, 351, 352, 353, 354, 355, 356, 358, 359, 360, 361, 362, 363, 364, 365, 366, 367, 368, 369, 370, 371, 372, 374, 375, 376, 377, 378, 379, 380, 560, 561, 562, 563, 564, 565, 566, 568, 569], []), ('api/src/routes/settings.ts', [2, 3, 4, 5, 112, 113, 114, 115, 116, 117, 118, 119, 120, 121, 122, 124, 125, 127, 128, 130, 131, 132, 134, 135, 136, 137, 138, 139, 140, 142, 143, 144, 145, 146, 147, 148, 150, 152, 153, 154, 155, 156, 157, 158, 159, 161, 162, 164, 165, 166, 167, 168, 169, 171, 172, 173, 174, 175, 176, 177, 179, 180, 181, 182, 183, 184, 185, 187, 188, 189, 190, 191, 192, 193, 194, 195, 196, 197, 198], []), ('api/src/schemas.ts', [46, 47, 48, 49, 50, 51, 52, 53, 54, 55, 56, 57, 58, 59, 60, 61, 62, 63, 64, 65], []), ('api/tsconfig.json', [5], [5]), ('pnpm-lock.yaml', [191, 192, 193, 213, 214, 215, 2331, 2332, 2333, 2415, 2417, 2418, 2419, 2420, 2421, 2504, 2505, 2506, 2507, 2508, 2509, 2510, 2511, 2541, 2555, 2563, 2564, 2565, 2566, 2567, 2568, 2569, 2570, 2571, 2572, 2573, 2574, 2575, 2577, 2578, 2579, 2580, 2581, 2582, 2583, 2584, 2585, 2586, 2587, 2588, 2590, 2591, 2592, 2593, 2594, 2595, 2596, 2597, 2598, 2599, 2600, 2601, 2736, 2742, 2745, 2747, 2753, 2757, 2758, 2763, 2813, 2829, 2844, 2906, 2943, 2948, 2949, 3010, 3049, 3050, 3052, 3053, 3115, 3116, 3117, 3118, 3119, 3120, 3121, 3123, 3124, 3125, 3257, 3285, 3286, 3297, 3298, 3309, 3325, 3560, 3573, 3586, 3628, 3639, 3649, 4104, 4113, 4121, 4419, 4423, 4439, 4443, 4458, 4462, 4476, 4534, 4545, 4555, 4702, 4714, 4725, 4832, 4869, 4883, 4896, 4910, 4952, 4965, 4977, 4989, 5115, 5128, 5140, 5193, 5203, 5732, 6214, 6230, 6231, 6235, 6247, 6248, 6252, 9557, 9558, 10022, 10153, 10161, 10162, 10163, 12507, 12554, 12567, 12579, 12630, 12642, 12653, 17191, 18909, 19028, 19031, 19034, 21436, 22351, 22354], [2405, 2407, 2408, 2409, 2410, 2411, 2522, 2536, 2639, 2640, 2641, 2642, 2643, 2644, 2645, 2646, 2647, 2648, 2649, 2650, 2651, 2652, 2653, 2654, 2655, 2656, 2657, 2697, 2703, 2707, 2713, 2717, 2718, 2723, 2726, 2727, 2775, 2791, 2806, 2868, 2905, 2910, 2911, 2972, 3011, 3012, 3014, 3015, 3083, 3209, 3237, 3238, 3249, 3250, 3261, 3277, 3512, 3525, 3538, 3580, 3591, 3601, 4056, 4065, 4073, 4371, 4375, 4391, 4395, 4410, 4414, 4428, 4486, 4497, 4507, 4654, 4666, 4677, 4784, 4821, 4835, 4848, 4862, 4904, 4917, 4929, 4941, 5067, 5080, 5092, 5145, 5155, 5333, 5685, 6167, 6183, 6184, 6188, 6200, 6201, 6205, 9510, 9511, 9975, 10106, 12456, 12503, 12516, 12528, 12579, 12591, 12602, 14929, 17141, 18859, 18978, 18981, 18984, 21386, 22301, 22304])]",Sem Bauke
"chore(build): remove unused packagese, add needed packages, add eslint caching (#50527)

Co-authored-by: Oliver Eyton-Williams <ojeytonwilliams@gmail.com>",1685650768,"['client/package.json', 'client/src/templates/Challenges/classic/mobile-layout.tsx', 'knip.jsonc', 'package.json', 'pnpm-lock.yaml']","[('client/package.json', [177], [73, 140]), ('client/src/templates/Challenges/classic/mobile-layout.tsx', [51, 69], [51, 69]), ('knip.jsonc', [32, 33, 34, 35, 36], [32]), ('package.json', [71, 116, 118], [71, 104, 131]), ('pnpm-lock.yaml', [53, 54, 55, 56, 57, 58, 91, 543, 842, 843, 844, 2575, 2594, 2612, 2900, 3517, 6130, 6751, 7622, 7944, 8171, 9946, 9970, 9983, 9999, 10011, 10831, 10832, 10833, 10834, 10835, 10836, 10837, 10838, 10839, 10840, 10841, 10842, 10843, 10844, 10845, 10914, 10929, 10951, 10952, 10953, 10962, 10964, 10965, 10966, 10967, 10968, 10969, 10970, 10971, 10972, 10973, 10974, 10975, 10976, 10977, 10978, 10979, 10980, 10981, 10982, 10983, 11024, 11046, 11047, 11048, 11049, 11050, 11065, 12514, 12717, 12751, 12764, 13854, 15653, 16855, 16889, 16991, 17109, 17117, 17151, 17262, 17263, 17264, 17265, 17266, 17267, 17268, 17269, 17270, 17271, 17272, 17285, 18239, 18750, 18829, 18857, 18870, 18871, 18880, 18881, 18902, 18919, 18931, 18932, 18946, 18947, 18968, 18981, 18991, 19087, 19088, 19100, 19105, 19144, 19145, 19180, 19194, 19238, 26905, 26921, 26937, 28212, 28380, 28626, 28789, 28896, 29765], [17, 18, 19, 88, 98, 99, 100, 538, 539, 540, 546, 734, 735, 736, 2456, 2457, 2458, 2459, 2460, 2461, 2462, 2463, 2464, 2465, 2466, 2467, 2468, 2592, 2611, 2629, 2846, 2847, 2848, 2921, 3538, 6771, 7642, 7964, 8191, 9966, 9990, 10003, 10019, 10031, 12482, 12685, 12719, 12732, 13822, 15621, 16823, 16857, 17083, 17117, 17165, 17166, 17167, 17168, 17169, 17170, 17171, 17172, 18201, 18712, 18791, 18819, 18832, 18833, 18842, 18843, 18864, 18881, 18893, 18894, 18908, 18909, 18930, 18943, 18953, 19049, 19050, 19062, 19067, 19106, 19107, 19142, 19156, 19200, 26867, 26883, 26899, 28174, 28342, 28588, 28751, 28858])]",Jacques Metevier
"feat(client): add duplicate account warning (#50555)

* feat(client): add duplicate account warning

* feat: check completed challenge count

* feat: stop redirecting /learn to /email-sign-up

* test: update to account for the lack of redirects

Also, in an extremely WET way, test both options.

* Update client/src/pages/email-sign-up.tsx

---------

Co-authored-by: Oliver Eyton-Williams <ojeytonwilliams@gmail.com>",1685647579,"['client/i18n/locales/english/translations.json', 'client/src/components/Intro/components/intro-description.tsx', 'client/src/components/Intro/index.tsx', 'client/src/components/layouts/learn.tsx', 'client/src/components/settings/danger-zone.tsx', 'client/src/pages/__snapshots__/email-sign-up.test.js.snap', 'client/src/pages/email-sign-up.tsx', 'cypress/e2e/default/user/privacy-terms.ts']","[('client/i18n/locales/english/translations.json', [532, 533], []), ('client/src/components/Intro/components/intro-description.tsx', [14, 15, 16, 17, 39], [14]), ('client/src/components/Intro/index.tsx', [85], [85]), ('client/src/components/layouts/learn.tsx', [7, 27, 28], [7, 8, 9, 10, 11, 13, 32, 33, 34, 35, 36, 37, 45, 57, 59, 82, 83, 84]), ('client/src/components/settings/danger-zone.tsx', [47], [47]), ('client/src/pages/__snapshots__/email-sign-up.test.js.snap', [20, 27, 28, 29, 30, 31, 32, 33, 34, 35, 36, 37, 38, 39, 40, 41, 96, 97, 98, 114, 125], [19, 26, 27, 28, 94, 95, 96, 101, 112]), ('client/src/pages/email-sign-up.tsx', [5, 12, 29, 37, 38, 39, 40, 46, 47, 59, 60, 74, 134, 135, 136, 137, 138, 139, 140, 141, 142, 143, 144, 145, 146, 147, 148, 149, 152, 159, 161, 163], [5, 12, 36, 42, 54, 64, 65, 66, 67, 68, 69, 70, 71, 72, 73, 74, 75, 81, 143, 150, 151, 153, 155]), ('cypress/e2e/default/user/privacy-terms.ts', [1, 3, 17, 19, 23, 32, 33, 34, 35, 36, 37, 39, 40, 41, 42, 43, 44, 45, 46, 47, 48, 49, 50, 51, 52, 53, 54, 55, 56, 57, 58, 59], [2, 16, 21, 22])]",Mrugesh Mohapatra
"feat(client): AB test loading donation elements individually (#50564)

* feat(client):AB test loading donation elements individually

* Apply suggestions from code review

Co-authored-by: Oliver Eyton-Williams <ojeytonwilliams@gmail.com>

* fix: simplify logic

---------

Co-authored-by: Oliver Eyton-Williams <ojeytonwilliams@gmail.com>",1685645602,"['client/src/components/Donation/donation-modal.tsx', 'client/src/components/Donation/donation.css']","[('client/src/components/Donation/donation-modal.tsx', [3, 82, 83, 84, 85, 86, 88, 89, 90, 91, 92, 109, 110, 111, 112, 113, 119, 120, 121, 122, 123, 124, 125, 126, 127, 128, 129, 130, 187, 191, 192, 193, 194, 204, 205, 206, 207, 208, 209, 210, 218], [3, 82, 83, 84, 85, 87, 104, 105, 166, 170, 180]), ('client/src/components/Donation/donation.css', [257, 258, 259, 261, 263, 264, 265, 268, 269, 270, 271, 272, 274, 275, 276, 277, 280, 472, 473, 474, 475], [257, 258, 259, 261, 264, 265, 266, 267, 268, 269, 273])]",Ahmad Abdolsaheb
feat(tools): repair-meta script (#50475),1685641344,"['curriculum/package.json', 'docs/how-to-work-on-practice-projects.md', 'tools/challenge-helper-scripts/repair-meta.ts']","[('curriculum/package.json', [27], []), ('docs/how-to-work-on-practice-projects.md', [138, 140, 142, 144, 145, 147, 148, 149], []), ('tools/challenge-helper-scripts/repair-meta.ts', [1, 2, 4, 6, 7, 9, 10, 12, 13, 14, 15, 16, 17, 18, 19, 20, 21, 22, 23, 24, 25, 26, 27, 28, 30], [])]",Naomi Carrigan
"chore(i18n,learn): processed translations (#50582)",1685637862,"['curriculum/challenges/arabic/02-javascript-algorithms-and-data-structures/es6/use-getters-and-setters-to-control-access-to-an-object.md', 'curriculum/challenges/chinese-traditional/02-javascript-algorithms-and-data-structures/es6/use-getters-and-setters-to-control-access-to-an-object.md', 'curriculum/challenges/chinese/02-javascript-algorithms-and-data-structures/es6/use-getters-and-setters-to-control-access-to-an-object.md', 'curriculum/challenges/espanol/02-javascript-algorithms-and-data-structures/es6/use-getters-and-setters-to-control-access-to-an-object.md', 'curriculum/challenges/german/02-javascript-algorithms-and-data-structures/es6/use-getters-and-setters-to-control-access-to-an-object.md', 'curriculum/challenges/german/14-responsive-web-design-22/learn-css-colors-by-building-a-set-of-colored-markers/61b306305810f1c9040ce5a2.md', 'curriculum/challenges/german/14-responsive-web-design-22/learn-css-grid-by-building-a-magazine/6165d3b702a5d92ad970b30c.md', 'curriculum/challenges/german/14-responsive-web-design-22/learn-css-transforms-by-building-a-penguin/6196d41d40bf9b2aaea5d520.md', 'curriculum/challenges/german/14-responsive-web-design-22/learn-css-transforms-by-building-a-penguin/61993cf26a8e0f0a553db223.md', 'curriculum/challenges/german/14-responsive-web-design-22/learn-css-transforms-by-building-a-penguin/619d23089e787e216a7043d6.md', 'curriculum/challenges/german/14-responsive-web-design-22/learn-css-transforms-by-building-a-penguin/61a8fe15a6a31306e60d1e89.md', 'curriculum/challenges/german/14-responsive-web-design-22/learn-css-variables-by-building-a-city-skyline/5d822fd413a79914d39e98fa.md', 'curriculum/challenges/german/14-responsive-web-design-22/learn-css-variables-by-building-a-city-skyline/5d822fd413a79914d39e993b.md', 'curriculum/challenges/german/14-responsive-web-design-22/learn-html-by-building-a-cat-photo-app/5dc17dc8f86c76b9248c6eb5.md', 'curriculum/challenges/german/14-responsive-web-design-22/learn-html-by-building-a-cat-photo-app/5ef9b03c81a63668521804d1.md', 'curriculum/challenges/german/14-responsive-web-design-22/learn-html-by-building-a-cat-photo-app/5ef9b03c81a63668521804d9.md', 'curriculum/challenges/german/14-responsive-web-design-22/learn-html-by-building-a-cat-photo-app/5ef9b03c81a63668521804de.md', 'curriculum/challenges/german/14-responsive-web-design-22/learn-html-by-building-a-cat-photo-app/5f05a1d8e233dff4a68508d8.md', 'curriculum/challenges/german/14-responsive-web-design-22/learn-html-by-building-a-cat-photo-app/5f0d4d04b435f13ab6550053.md', 'curriculum/challenges/german/14-responsive-web-design-22/learn-html-forms-by-building-a-registration-form/60f1a9cbd23023082e149fee.md', 'curriculum/challenges/german/14-responsive-web-design-22/learn-html-forms-by-building-a-registration-form/60f83e7bfc09900959f41e20.md', 'curriculum/challenges/german/14-responsive-web-design-22/learn-html-forms-by-building-a-registration-form/60fab4a123ce4b04526b082b.md', 'curriculum/challenges/german/14-responsive-web-design-22/learn-html-forms-by-building-a-registration-form/60facde2d0dc61085b41063f.md', 'curriculum/challenges/german/14-responsive-web-design-22/learn-html-forms-by-building-a-registration-form/60ffe9cb47809106eda2f2c9.md', 'curriculum/challenges/german/14-responsive-web-design-22/learn-more-about-css-pseudo-selectors-by-building-a-balance-sheet/61fd8e491324ce717da97ffe.md', 'curriculum/challenges/german/14-responsive-web-design-22/learn-more-about-css-pseudo-selectors-by-building-a-balance-sheet/61fd933ba685de776a94997e.md', 'curriculum/challenges/german/14-responsive-web-design-22/learn-responsive-web-design-by-building-a-piano/612e6afc009b450a437940a1.md', 'curriculum/challenges/german/14-responsive-web-design-22/learn-the-css-box-model-by-building-a-rothko-painting/60a3e3396c7b40068ad69978.md', 'curriculum/challenges/german/14-responsive-web-design-22/learn-the-css-box-model-by-building-a-rothko-painting/60a3e3396c7b40068ad6998f.md', 'curriculum/challenges/german/14-responsive-web-design-22/learn-typography-by-building-a-nutrition-label/615f41c979787462e76dab90.md', 'curriculum/challenges/german/14-responsive-web-design-22/learn-typography-by-building-a-nutrition-label/615f74a71f1e498619e38ee8.md', 'curriculum/challenges/german/14-responsive-web-design-22/learn-typography-by-building-a-nutrition-label/615f8f1223601fa546e93f31.md', 'curriculum/challenges/italian/02-javascript-algorithms-and-data-structures/es6/use-getters-and-setters-to-control-access-to-an-object.md', 'curriculum/challenges/japanese/02-javascript-algorithms-and-data-structures/es6/use-getters-and-setters-to-control-access-to-an-object.md', 'curriculum/challenges/portuguese/02-javascript-algorithms-and-data-structures/es6/use-getters-and-setters-to-control-access-to-an-object.md', 'curriculum/challenges/portuguese/15-javascript-algorithms-and-data-structures-22/learn-form-validation-by-building-a-calorie-counter/63b6075a62883218d282504c.md', 'curriculum/challenges/portuguese/15-javascript-algorithms-and-data-structures-22/learn-form-validation-by-building-a-calorie-counter/63b60821c855d01b1eda3c0b.md', 'curriculum/challenges/portuguese/15-javascript-algorithms-and-data-structures-22/learn-form-validation-by-building-a-calorie-counter/63b60aaaa65f8922bfce6b7e.md', 'curriculum/challenges/portuguese/15-javascript-algorithms-and-data-structures-22/learn-form-validation-by-building-a-calorie-counter/63b60af1a0b9f7238a9dd294.md', 'curriculum/challenges/portuguese/15-javascript-algorithms-and-data-structures-22/learn-form-validation-by-building-a-calorie-counter/63b60c09c5039f25a3b2dda9.md', 'curriculum/challenges/portuguese/15-javascript-algorithms-and-data-structures-22/learn-form-validation-by-building-a-calorie-counter/63b60cfaca25bb27edd40f62.md', 'curriculum/challenges/portuguese/15-javascript-algorithms-and-data-structures-22/learn-form-validation-by-building-a-calorie-counter/63b60d3c5048302906962231.md', 'curriculum/challenges/portuguese/15-javascript-algorithms-and-data-structures-22/learn-form-validation-by-building-a-calorie-counter/63b614e6a1f7fe2cef6312dc.md', 'curriculum/challenges/portuguese/15-javascript-algorithms-and-data-structures-22/learn-form-validation-by-building-a-calorie-counter/63b61584def8fa2ebcc259e0.md', 'curriculum/challenges/portuguese/15-javascript-algorithms-and-data-structures-22/learn-form-validation-by-building-a-calorie-counter/63bf45ce0dc8d4270760c6d0.md', 'curriculum/challenges/portuguese/15-javascript-algorithms-and-data-structures-22/learn-form-validation-by-building-a-calorie-counter/63bf461011fca327d3b60fa8.md', 'curriculum/challenges/portuguese/15-javascript-algorithms-and-data-structures-22/learn-form-validation-by-building-a-calorie-counter/63bf47fd40599f29827f484d.md', 'curriculum/challenges/portuguese/15-javascript-algorithms-and-data-structures-22/learn-form-validation-by-building-a-calorie-counter/63c1dfbd56c71e278800010c.md', 'curriculum/challenges/portuguese/15-javascript-algorithms-and-data-structures-22/learn-form-validation-by-building-a-calorie-counter/63c216da562fbb3957b9cb2c.md', 'curriculum/challenges/portuguese/15-javascript-algorithms-and-data-structures-22/learn-form-validation-by-building-a-calorie-counter/63c21839f56eaf3ef4e027c4.md', 'curriculum/challenges/portuguese/15-javascript-algorithms-and-data-structures-22/learn-form-validation-by-building-a-calorie-counter/63c2194dce265f429300c8b1.md', 'curriculum/challenges/portuguese/15-javascript-algorithms-and-data-structures-22/learn-form-validation-by-building-a-calorie-counter/63c21d4f48267a47c2946788.md', 'curriculum/challenges/portuguese/15-javascript-algorithms-and-data-structures-22/learn-form-validation-by-building-a-calorie-counter/63c8be904ffff922f3c6f8d0.md', 'curriculum/challenges/portuguese/15-javascript-algorithms-and-data-structures-22/learn-form-validation-by-building-a-calorie-counter/63c9bcc26219e7090da0f549.md', 'curriculum/challenges/portuguese/15-javascript-algorithms-and-data-structures-22/learn-form-validation-by-building-a-calorie-counter/63c9bce376ca4f09c15a3768.md', 'curriculum/challenges/portuguese/15-javascript-algorithms-and-data-structures-22/learn-form-validation-by-building-a-calorie-counter/63c9bef7fec05c0d38853828.md', 'curriculum/challenges/portuguese/15-javascript-algorithms-and-data-structures-22/learn-form-validation-by-building-a-calorie-counter/63c9c09a7daa4f0ff92c4023.md', 'curriculum/challenges/portuguese/15-javascript-algorithms-and-data-structures-22/learn-form-validation-by-building-a-calorie-counter/63c9e3a83bb3e61a80eea564.md', 'curriculum/challenges/portuguese/15-javascript-algorithms-and-data-structures-22/learn-form-validation-by-building-a-calorie-counter/63c9e45519caf31b987fbb5f.md', 'curriculum/challenges/portuguese/15-javascript-algorithms-and-data-structures-22/learn-form-validation-by-building-a-calorie-counter/63c9e6b7c0303524af2d0bc2.md', 'curriculum/challenges/portuguese/15-javascript-algorithms-and-data-structures-22/learn-form-validation-by-building-a-calorie-counter/63c9e7d5b21eee2776ecc226.md', 'curriculum/challenges/portuguese/15-javascript-algorithms-and-data-structures-22/learn-form-validation-by-building-a-calorie-counter/63c9e84c9fe8ca28c4101189.md', 'curriculum/challenges/portuguese/15-javascript-algorithms-and-data-structures-22/learn-form-validation-by-building-a-calorie-counter/63c9ea23dbadbf2c2764e3f5.md', 'curriculum/challenges/portuguese/15-javascript-algorithms-and-data-structures-22/learn-form-validation-by-building-a-calorie-counter/63c9ebb7b12bca3025b0a935.md', 'curriculum/challenges/portuguese/15-javascript-algorithms-and-data-structures-22/learn-form-validation-by-building-a-calorie-counter/63c9ec044acedf312c4974ff.md', 'curriculum/challenges/ukrainian/02-javascript-algorithms-and-data-structures/es6/use-getters-and-setters-to-control-access-to-an-object.md']","[('curriculum/challenges/arabic/02-javascript-algorithms-and-data-structures/es6/use-getters-and-setters-to-control-access-to-an-object.md', [64, 65, 68, 71, 77, 78, 84, 85, 91, 92, 98, 99, 105, 106, 107, 108, 109, 110], [64, 65, 66, 67, 70, 73, 79, 80, 81, 82, 83, 84, 90, 91, 92, 93, 94, 95, 101, 102, 103, 104, 105, 106, 107, 108, 109, 115, 116, 117, 118, 119, 120, 121, 122, 123, 129, 130, 131, 132, 133, 134, 135, 136, 137]), ('curriculum/challenges/chinese-traditional/02-javascript-algorithms-and-data-structures/es6/use-getters-and-setters-to-control-access-to-an-object.md', [64, 65, 68, 71, 77, 78, 84, 85, 91, 92, 98, 99, 105, 106, 107, 108, 109, 110], [64, 65, 66, 67, 70, 73, 79, 80, 81, 82, 83, 84, 90, 91, 92, 93, 94, 95, 101, 102, 103, 104, 105, 106, 107, 108, 109, 115, 116, 117, 118, 119, 120, 121, 122, 123, 129, 130, 131, 132, 133, 134, 135, 136, 137]), ('curriculum/challenges/chinese/02-javascript-algorithms-and-data-structures/es6/use-getters-and-setters-to-control-access-to-an-object.md', [64, 65, 68, 71, 77, 78, 84, 85, 91, 92, 98, 99, 105, 106, 107, 108, 109, 110], [64, 65, 66, 67, 70, 73, 79, 80, 81, 82, 83, 84, 90, 91, 92, 93, 94, 95, 101, 102, 103, 104, 105, 106, 107, 108, 109, 115, 116, 117, 118, 119, 120, 121, 122, 123, 129, 130, 131, 132, 133, 134, 135, 136, 137]), ('curriculum/challenges/espanol/02-javascript-algorithms-and-data-structures/es6/use-getters-and-setters-to-control-access-to-an-object.md', [64, 65, 68, 71, 77, 78, 84, 85, 91, 92, 98, 99, 105, 106, 107, 108, 109, 110], [64, 65, 66, 67, 70, 73, 79, 80, 81, 82, 83, 84, 90, 91, 92, 93, 94, 95, 101, 102, 103, 104, 105, 106, 107, 108, 109, 115, 116, 117, 118, 119, 120, 121, 122, 123, 129, 130, 131, 132, 133, 134, 135, 136, 137]), ('curriculum/challenges/german/02-javascript-algorithms-and-data-structures/es6/use-getters-and-setters-to-control-access-to-an-object.md', [64, 65, 68, 71, 77, 78, 84, 85, 91, 92, 98, 99, 105, 106, 107, 108, 109, 110], [64, 65, 66, 67, 70, 73, 79, 80, 81, 82, 83, 84, 90, 91, 92, 93, 94, 95, 101, 102, 103, 104, 105, 106, 107, 108, 109, 115, 116, 117, 118, 119, 120, 121, 122, 123, 129, 130, 131, 132, 133, 134, 135, 136, 137]), ('curriculum/challenges/german/14-responsive-web-design-22/learn-css-colors-by-building-a-set-of-colored-markers/61b306305810f1c9040ce5a2.md', [10, 12], [10, 12]), ('curriculum/challenges/german/14-responsive-web-design-22/learn-css-grid-by-building-a-magazine/6165d3b702a5d92ad970b30c.md', [20], [20]), ('curriculum/challenges/german/14-responsive-web-design-22/learn-css-transforms-by-building-a-penguin/6196d41d40bf9b2aaea5d520.md', [10], [10]), ('curriculum/challenges/german/14-responsive-web-design-22/learn-css-transforms-by-building-a-penguin/61993cf26a8e0f0a553db223.md', [10, 16], [10, 16]), ('curriculum/challenges/german/14-responsive-web-design-22/learn-css-transforms-by-building-a-penguin/619d23089e787e216a7043d6.md', [14], [14]), ('curriculum/challenges/german/14-responsive-web-design-22/learn-css-transforms-by-building-a-penguin/61a8fe15a6a31306e60d1e89.md', [14, 20], [14, 20]), ('curriculum/challenges/german/14-responsive-web-design-22/learn-css-variables-by-building-a-city-skyline/5d822fd413a79914d39e98fa.md', [10, 20], [10, 20]), ('curriculum/challenges/german/14-responsive-web-design-22/learn-css-variables-by-building-a-city-skyline/5d822fd413a79914d39e993b.md', [12], [12]), ('curriculum/challenges/german/14-responsive-web-design-22/learn-html-by-building-a-cat-photo-app/5dc17dc8f86c76b9248c6eb5.md', [30], [30]), ('curriculum/challenges/german/14-responsive-web-design-22/learn-html-by-building-a-cat-photo-app/5ef9b03c81a63668521804d1.md', [16], [16]), ('curriculum/challenges/german/14-responsive-web-design-22/learn-html-by-building-a-cat-photo-app/5ef9b03c81a63668521804d9.md', [10], [10]), ('curriculum/challenges/german/14-responsive-web-design-22/learn-html-by-building-a-cat-photo-app/5ef9b03c81a63668521804de.md', [28, 35], [28, 35]), ('curriculum/challenges/german/14-responsive-web-design-22/learn-html-by-building-a-cat-photo-app/5f05a1d8e233dff4a68508d8.md', [56, 62], [56, 62]), ('curriculum/challenges/german/14-responsive-web-design-22/learn-html-by-building-a-cat-photo-app/5f0d4d04b435f13ab6550053.md', [40], [40]), ('curriculum/challenges/german/14-responsive-web-design-22/learn-html-forms-by-building-a-registration-form/60f1a9cbd23023082e149fee.md', [10], [10]), ('curriculum/challenges/german/14-responsive-web-design-22/learn-html-forms-by-building-a-registration-form/60f83e7bfc09900959f41e20.md', [10, 12, 16], [10, 12, 16]), ('curriculum/challenges/german/14-responsive-web-design-22/learn-html-forms-by-building-a-registration-form/60fab4a123ce4b04526b082b.md', [10], [10]), ('curriculum/challenges/german/14-responsive-web-design-22/learn-html-forms-by-building-a-registration-form/60facde2d0dc61085b41063f.md', [28], [28]), ('curriculum/challenges/german/14-responsive-web-design-22/learn-html-forms-by-building-a-registration-form/60ffe9cb47809106eda2f2c9.md', [10], [10]), ('curriculum/challenges/german/14-responsive-web-design-22/learn-more-about-css-pseudo-selectors-by-building-a-balance-sheet/61fd8e491324ce717da97ffe.md', [26], [26]), ('curriculum/challenges/german/14-responsive-web-design-22/learn-more-about-css-pseudo-selectors-by-building-a-balance-sheet/61fd933ba685de776a94997e.md', [12, 58], [12, 58]), ('curriculum/challenges/german/14-responsive-web-design-22/learn-responsive-web-design-by-building-a-piano/612e6afc009b450a437940a1.md', [10, 52, 100], [10, 52, 100]), ('curriculum/challenges/german/14-responsive-web-design-22/learn-the-css-box-model-by-building-a-rothko-painting/60a3e3396c7b40068ad69978.md', [10], [10]), ('curriculum/challenges/german/14-responsive-web-design-22/learn-the-css-box-model-by-building-a-rothko-painting/60a3e3396c7b40068ad6998f.md', [12], [12]), ('curriculum/challenges/german/14-responsive-web-design-22/learn-typography-by-building-a-nutrition-label/615f41c979787462e76dab90.md', [10], [10]), ('curriculum/challenges/german/14-responsive-web-design-22/learn-typography-by-building-a-nutrition-label/615f74a71f1e498619e38ee8.md', [14, 22], [14, 22]), ('curriculum/challenges/german/14-responsive-web-design-22/learn-typography-by-building-a-nutrition-label/615f8f1223601fa546e93f31.md', [20], [20]), ('curriculum/challenges/italian/02-javascript-algorithms-and-data-structures/es6/use-getters-and-setters-to-control-access-to-an-object.md', [64, 65, 68, 71, 77, 78, 84, 85, 91, 92, 98, 99, 105, 106, 107, 108, 109, 110], [64, 65, 66, 67, 70, 73, 79, 80, 81, 82, 83, 84, 90, 91, 92, 93, 94, 95, 101, 102, 103, 104, 105, 106, 107, 108, 109, 115, 116, 117, 118, 119, 120, 121, 122, 123, 129, 130, 131, 132, 133, 134, 135, 136, 137]), ('curriculum/challenges/japanese/02-javascript-algorithms-and-data-structures/es6/use-getters-and-setters-to-control-access-to-an-object.md', [64, 65, 68, 71, 77, 78, 84, 85, 91, 92, 98, 99, 105, 106, 107, 108, 109, 110], [64, 65, 66, 67, 70, 73, 79, 80, 81, 82, 83, 84, 90, 91, 92, 93, 94, 95, 101, 102, 103, 104, 105, 106, 107, 108, 109, 115, 116, 117, 118, 119, 120, 121, 122, 123, 129, 130, 131, 132, 133, 134, 135, 136, 137]), ('curriculum/challenges/portuguese/02-javascript-algorithms-and-data-structures/es6/use-getters-and-setters-to-control-access-to-an-object.md', [64, 65, 68, 71, 77, 78, 84, 85, 91, 92, 98, 99, 105, 106, 107, 108, 109, 110], [64, 65, 66, 67, 70, 73, 79, 80, 81, 82, 83, 84, 90, 91, 92, 93, 94, 95, 101, 102, 103, 104, 105, 106, 107, 108, 109, 115, 116, 117, 118, 119, 120, 121, 122, 123, 129, 130, 131, 132, 133, 134, 135, 136, 137]), ('curriculum/challenges/portuguese/15-javascript-algorithms-and-data-structures-22/learn-form-validation-by-building-a-calorie-counter/63b6075a62883218d282504c.md', [10, 12, 16, 22, 28], [10, 12, 16, 22, 28]), ('curriculum/challenges/portuguese/15-javascript-algorithms-and-data-structures-22/learn-form-validation-by-building-a-calorie-counter/63b60821c855d01b1eda3c0b.md', [10, 14, 20, 26, 32, 38, 44, 50], [10, 14, 20, 26, 32, 38, 44, 50]), ('curriculum/challenges/portuguese/15-javascript-algorithms-and-data-structures-22/learn-form-validation-by-building-a-calorie-counter/63b60aaaa65f8922bfce6b7e.md', [10, 12, 16, 22, 28, 34, 40, 46, 52, 58, 64, 70, 76], [10, 12, 16, 22, 28, 34, 40, 46, 52, 58, 64, 70, 76]), ('curriculum/challenges/portuguese/15-javascript-algorithms-and-data-structures-22/learn-form-validation-by-building-a-calorie-counter/63b60af1a0b9f7238a9dd294.md', [10, 12, 16, 22, 28, 34, 40, 46, 52, 58, 64, 70, 76, 82], [10, 12, 16, 22, 28, 34, 40, 46, 52, 58, 64, 70, 76, 82]), ('curriculum/challenges/portuguese/15-javascript-algorithms-and-data-structures-22/learn-form-validation-by-building-a-calorie-counter/63b60c09c5039f25a3b2dda9.md', [10, 12, 22, 28, 34, 40, 46, 52, 58, 64], [10, 12, 22, 28, 34, 40, 46, 52, 58, 64]), ('curriculum/challenges/portuguese/15-javascript-algorithms-and-data-structures-22/learn-form-validation-by-building-a-calorie-counter/63b60cfaca25bb27edd40f62.md', [10, 20], [10, 20]), ('curriculum/challenges/portuguese/15-javascript-algorithms-and-data-structures-22/learn-form-validation-by-building-a-calorie-counter/63b60d3c5048302906962231.md', [10, 14, 20, 26], [10, 14, 20, 26]), ('curriculum/challenges/portuguese/15-javascript-algorithms-and-data-structures-22/learn-form-validation-by-building-a-calorie-counter/63b614e6a1f7fe2cef6312dc.md', [10, 14, 20, 26], [10, 14, 20, 26]), ('curriculum/challenges/portuguese/15-javascript-algorithms-and-data-structures-22/learn-form-validation-by-building-a-calorie-counter/63b61584def8fa2ebcc259e0.md', [10, 12, 16, 22], [10, 12, 16, 22]), ('curriculum/challenges/portuguese/15-javascript-algorithms-and-data-structures-22/learn-form-validation-by-building-a-calorie-counter/63bf45ce0dc8d4270760c6d0.md', [10, 12, 16, 22, 29, 35], [10, 12, 16, 22, 29, 35]), ('curriculum/challenges/portuguese/15-javascript-algorithms-and-data-structures-22/learn-form-validation-by-building-a-calorie-counter/63bf461011fca327d3b60fa8.md', [10, 12, 18, 22, 28, 34, 40, 46], [10, 12, 18, 22, 28, 34, 40, 46]), ('curriculum/challenges/portuguese/15-javascript-algorithms-and-data-structures-22/learn-form-validation-by-building-a-calorie-counter/63bf47fd40599f29827f484d.md', [10, 12, 16], [10, 12, 16]), ('curriculum/challenges/portuguese/15-javascript-algorithms-and-data-structures-22/learn-form-validation-by-building-a-calorie-counter/63c1dfbd56c71e278800010c.md', [10, 12, 16, 22, 28], [10, 12, 16, 22, 28]), ('curriculum/challenges/portuguese/15-javascript-algorithms-and-data-structures-22/learn-form-validation-by-building-a-calorie-counter/63c216da562fbb3957b9cb2c.md', [10, 14, 20], [10, 14, 20]), ('curriculum/challenges/portuguese/15-javascript-algorithms-and-data-structures-22/learn-form-validation-by-building-a-calorie-counter/63c21839f56eaf3ef4e027c4.md', [10], [10]), ('curriculum/challenges/portuguese/15-javascript-algorithms-and-data-structures-22/learn-form-validation-by-building-a-calorie-counter/63c2194dce265f429300c8b1.md', [10, 12, 16], [10, 12, 16]), ('curriculum/challenges/portuguese/15-javascript-algorithms-and-data-structures-22/learn-form-validation-by-building-a-calorie-counter/63c21d4f48267a47c2946788.md', [10, 12, 14, 18, 24, 30], [10, 12, 14, 18, 24, 30]), ('curriculum/challenges/portuguese/15-javascript-algorithms-and-data-structures-22/learn-form-validation-by-building-a-calorie-counter/63c8be904ffff922f3c6f8d0.md', [10, 12, 16, 22, 28], [10, 12, 16, 22, 28]), ('curriculum/challenges/portuguese/15-javascript-algorithms-and-data-structures-22/learn-form-validation-by-building-a-calorie-counter/63c9bcc26219e7090da0f549.md', [10, 14, 20], [10, 14, 20]), ('curriculum/challenges/portuguese/15-javascript-algorithms-and-data-structures-22/learn-form-validation-by-building-a-calorie-counter/63c9bce376ca4f09c15a3768.md', [10, 12, 16, 22, 28, 34], [10, 12, 16, 22, 28, 34]), ('curriculum/challenges/portuguese/15-javascript-algorithms-and-data-structures-22/learn-form-validation-by-building-a-calorie-counter/63c9bef7fec05c0d38853828.md', [10, 12, 16, 22], [10, 12, 16, 22]), ('curriculum/challenges/portuguese/15-javascript-algorithms-and-data-structures-22/learn-form-validation-by-building-a-calorie-counter/63c9c09a7daa4f0ff92c4023.md', [10, 14, 20, 26], [10, 14, 20, 26]), ('curriculum/challenges/portuguese/15-javascript-algorithms-and-data-structures-22/learn-form-validation-by-building-a-calorie-counter/63c9e3a83bb3e61a80eea564.md', [10, 12, 14, 18, 24, 30], [10, 12, 14, 18, 24, 30]), ('curriculum/challenges/portuguese/15-javascript-algorithms-and-data-structures-22/learn-form-validation-by-building-a-calorie-counter/63c9e45519caf31b987fbb5f.md', [10, 14, 20, 26], [10, 14, 20, 26]), ('curriculum/challenges/portuguese/15-javascript-algorithms-and-data-structures-22/learn-form-validation-by-building-a-calorie-counter/63c9e6b7c0303524af2d0bc2.md', [10, 14], [10, 14]), ('curriculum/challenges/portuguese/15-javascript-algorithms-and-data-structures-22/learn-form-validation-by-building-a-calorie-counter/63c9e7d5b21eee2776ecc226.md', [10, 12, 16, 23, 30], [10, 12, 16, 23, 30]), ('curriculum/challenges/portuguese/15-javascript-algorithms-and-data-structures-22/learn-form-validation-by-building-a-calorie-counter/63c9e84c9fe8ca28c4101189.md', [10, 12, 16, 23, 30, 37], [10, 12, 16, 23, 30, 37]), ('curriculum/challenges/portuguese/15-javascript-algorithms-and-data-structures-22/learn-form-validation-by-building-a-calorie-counter/63c9ea23dbadbf2c2764e3f5.md', [10, 12, 16, 22, 28], [10, 12, 16, 22, 28]), ('curriculum/challenges/portuguese/15-javascript-algorithms-and-data-structures-22/learn-form-validation-by-building-a-calorie-counter/63c9ebb7b12bca3025b0a935.md', [10, 12, 16, 24, 31], [10, 12, 16, 24, 31]), ('curriculum/challenges/portuguese/15-javascript-algorithms-and-data-structures-22/learn-form-validation-by-building-a-calorie-counter/63c9ec044acedf312c4974ff.md', [10, 14, 20, 26], [10, 14, 20, 26]), ('curriculum/challenges/ukrainian/02-javascript-algorithms-and-data-structures/es6/use-getters-and-setters-to-control-access-to-an-object.md', [64, 65, 68, 71, 77, 78, 84, 85, 91, 92, 98, 99, 105, 106, 107, 108, 109, 110], [64, 65, 66, 67, 70, 73, 79, 80, 81, 82, 83, 84, 90, 91, 92, 93, 94, 95, 101, 102, 103, 104, 105, 106, 107, 108, 109, 115, 116, 117, 118, 119, 120, 121, 122, 123, 129, 130, 131, 132, 133, 134, 135, 136, 137])]",camperbot
"chore(i18n,docs): processed translations (#50580)",1685637845,['docs/i18n/ukrainian/devops.md'],"[('docs/i18n/ukrainian/devops.md', [17, 19, 21, 23, 25, 27, 39, 43, 45, 49, 51, 53, 55, 57, 63, 72, 80, 82, 84, 86, 89, 91, 97, 105, 107, 109, 111, 113, 115, 117, 118, 119, 121, 129, 137, 139, 141, 143, 145, 147, 149, 151, 152, 153, 155, 235, 237, 239, 241, 277, 295, 297, 299, 301, 302, 304, 310, 316, 324, 326, 328, 330, 332, 347, 349, 351, 353, 365, 371, 375, 377, 379, 393, 395, 397, 403, 411, 418, 420, 426, 428, 446, 454, 473, 483, 485, 487, 489, 515, 521, 523, 525, 527, 533, 535, 541, 543, 547, 557, 564, 566, 579, 589, 591, 593, 595, 611, 617, 619, 621, 623, 625, 627, 629, 631, 646, 648, 650, 652, 664, 670, 674, 676, 678, 680, 682, 689, 691, 698, 700, 706, 712, 714, 716, 718, 724, 732, 741, 747, 754, 760, 766, 772, 778, 791, 807, 809, 819, 825, 831, 837, 847, 853, 859, 883, 885, 887, 891, 900, 906, 912, 918, 925], [17, 19, 21, 23, 25, 27, 39, 43, 45, 49, 51, 53, 55, 57, 63, 72, 80, 82, 84, 86, 89, 91, 97, 105, 107, 109, 111, 113, 115, 117, 118, 119, 121, 129, 137, 139, 141, 143, 145, 147, 149, 151, 152, 153, 155, 235, 237, 239, 241, 277, 295, 297, 299, 301, 302, 304, 310, 316, 324, 326, 328, 330, 332, 347, 349, 351, 353, 365, 371, 375, 377, 379, 393, 395, 397, 403, 411, 418, 420, 426, 428, 446, 454, 473, 483, 485, 487, 489, 515, 521, 523, 525, 527, 533, 535, 541, 543, 547, 557, 564, 566, 579, 589, 591, 593, 595, 611, 617, 619, 621, 623, 625, 627, 629, 631, 646, 648, 650, 652, 664, 670, 674, 676, 678, 680, 682, 689, 691, 698, 700, 706, 712, 714, 716, 718, 724, 732, 741, 747, 754, 760, 766, 772, 778, 791, 807, 809, 819, 825, 831, 837, 847, 853, 859, 883, 885, 887, 891, 900, 906, 912, 918, 925])]",camperbot
"fix(client): stop preview in new window from disappearing on parent resize (#50389)

* fix(UI): preview in new window doesn't disappear on parent resize now

* refactor: rename css class for clarity

* refactor: remove unnecessary code

* chore: fix comment

* refactor: turn switch statement into if statement for clarity

* fix: close preview window if navigating away from learning section

* fix: make button bigger for mobile

* fix: stop preview from disappearing on resize after chapter change

* fix: apply style only to tab that needs it

chore: add comments for clarity

---------

Co-authored-by: David Moreno-Bautista <71296308+davmoba4@users.noreply.github.com>",1685635380,"['client/src/templates/Challenges/classic/classic.css', 'client/src/templates/Challenges/classic/desktop-layout.tsx', 'client/src/templates/Challenges/classic/mobile-layout.tsx', 'client/src/templates/Challenges/classic/show.tsx', 'client/src/templates/Challenges/components/preview-portal.tsx', 'client/src/templates/Challenges/redux/action-types.js', 'client/src/templates/Challenges/redux/actions.js', 'client/src/templates/Challenges/redux/index.js', 'client/src/templates/Challenges/redux/selectors.js']","[('client/src/templates/Challenges/classic/classic.css', [114, 115, 116, 130, 131, 132, 133, 135, 136, 137, 138, 139, 140, 141, 142, 144, 145, 146, 147, 148], [109]), ('client/src/templates/Challenges/classic/desktop-layout.tsx', [13, 14, 15, 16, 17, 54, 65, 93, 104, 105, 107, 108, 109, 110, 111, 112, 113, 114, 115, 116, 117, 118, 119, 120, 121, 122, 123, 124, 125, 126, 127, 128, 129, 130, 131, 159], [13, 97, 98, 99, 100, 101, 102, 103, 104, 105, 106, 107, 108, 109, 110, 111, 112, 113, 114, 115, 116, 117, 118, 119, 120, 122, 150, 151, 152]), ('client/src/templates/Challenges/classic/mobile-layout.tsx', [3, 4, 5, 6, 7, 8, 9, 10, 11, 12, 13, 14, 15, 16, 17, 20, 32, 33, 34, 35, 36, 37, 38, 57, 58, 59, 60, 61, 63, 64, 65, 66, 68, 69, 70, 71, 72, 73, 74, 75, 76, 77, 88, 89, 90, 91, 92, 93, 94, 159, 160, 161, 162, 163, 164, 165, 176, 177, 179, 180, 181, 182, 183, 184, 185, 186, 187, 188, 189, 190, 191, 192, 193, 194, 195, 196, 197, 198, 199, 200, 202, 203, 204, 205, 207, 208, 209, 210, 212, 213, 264, 265, 266, 267, 268, 269, 270, 271, 272, 273, 274, 275, 276, 278, 289, 290, 291, 299], [3, 44, 167, 169, 187]), ('client/src/templates/Challenges/classic/show.tsx', [445], []), ('client/src/templates/Challenges/components/preview-portal.tsx', [11, 12, 13, 16, 18, 19, 21, 29, 32, 35, 36, 43, 44, 45, 50, 51, 53, 54, 55, 56, 57, 58, 60, 61, 66, 67, 68, 69, 70, 77, 87, 102, 133, 134, 135, 136, 148, 150, 151, 152, 153, 155, 156, 157, 158, 159, 160, 161, 162, 164, 165], [11, 15, 34, 40, 115, 118, 119]), ('client/src/templates/Challenges/redux/action-types.js', [34], []), ('client/src/templates/Challenges/redux/actions.js', [53], []), ('client/src/templates/Challenges/redux/index.js', [52, 53, 198, 199, 200, 201], [52]), ('client/src/templates/Challenges/redux/selectors.js', [44], [])]",David Moreno-Bautista
refactor(config): superblocks and map (#50435),1685623917,"['.eslintignore', '.gitignore', '.prettierignore', 'client/i18n/locales.test.ts', 'client/src/assets/icons/index.tsx', 'client/src/components/Map/index.tsx', 'client/src/components/seo/index.tsx', 'client/src/redux/prop-types.ts', 'client/src/redux/selectors.js', 'client/src/resources/cert-and-project-map.ts', 'client/src/templates/Challenges/codeally/show.tsx', 'client/src/templates/Introduction/components/block.tsx', 'client/src/templates/Introduction/components/cert-challenge.tsx', 'client/src/templates/Introduction/components/challenges.tsx', 'client/src/templates/Introduction/components/legacy-links.tsx', 'client/src/templates/Introduction/components/super-block-intro.tsx', 'client/src/templates/Introduction/super-block-intro.tsx', 'client/src/utils/is-a-cert.ts', 'client/src/utils/superblock-map-titles.ts', 'config/certification-settings.ts', 'config/i18n.ts', 'config/superblock-order.test.ts', 'config/superblock-order.ts', 'config/superblocks.test.ts', 'config/superblocks.ts', 'curriculum/utils.js', 'curriculum/utils.test.ts', 'cypress/e2e/default/landing.ts', 'cypress/e2e/default/learn/challenges/projects.ts', 'cypress/e2e/default/learn/index.ts', 'cypress/e2e/default/learn/responsive-web-design/show-cert-from-superblock.ts', 'docs/how-to-enable-new-languages.md', 'docs/language-lead-handbook.md', 'tools/challenge-auditor/index.ts', 'tools/challenge-helper-scripts/create-project.ts', 'tools/challenge-helper-scripts/fs-utils.test.ts', 'tools/challenge-helper-scripts/fs-utils.ts', 'tools/scripts/build/build-external-curricula-data.test.ts', 'tools/scripts/build/build-external-curricula-data.ts', 'utils/is-audited.js']","[('.eslintignore', [10], [10]), ('.gitignore', [169, 170], [169, 170]), ('.prettierignore', [13, 14], [13, 14]), ('client/i18n/locales.test.ts', [4], [4]), ('client/src/assets/icons/index.tsx', [2], [2]), ('client/src/components/Map/index.tsx', [5, 6, 7, 8, 13, 14, 15, 16, 17, 32, 33, 34, 35, 36, 37, 38, 39, 40, 50, 51, 70, 71, 72, 73, 74, 75, 76, 77, 78, 79, 83, 85, 86, 87, 88, 89, 90], [4, 6, 7, 8, 9, 10, 11, 12, 20, 23, 42, 43, 44, 45, 46, 47, 48, 49, 50, 51, 52, 54, 55, 56, 58, 59, 60, 61, 62, 63, 64, 65, 67, 68, 69, 70, 71, 72, 73, 74, 75, 76, 77, 79, 80, 81, 83, 84, 85, 87, 88, 89, 90, 91, 92, 94, 95, 97, 115, 116, 117, 118, 119, 123, 124, 125, 126, 128, 129]), ('client/src/components/seo/index.tsx', [5], [5]), ('client/src/redux/prop-types.ts', [2], [2]), ('client/src/redux/selectors.js', [1], [1]), ('client/src/resources/cert-and-project-map.ts', [1], [1]), ('client/src/templates/Challenges/codeally/show.tsx', [47], [47]), ('client/src/templates/Introduction/components/block.tsx', [9], [9]), ('client/src/templates/Introduction/components/cert-challenge.tsx', [9, 11], [9, 10]), ('client/src/templates/Introduction/components/challenges.tsx', [11], [11]), ('client/src/templates/Introduction/components/legacy-links.tsx', [4], [4]), ('client/src/templates/Introduction/components/super-block-intro.tsx', [3], [3]), ('client/src/templates/Introduction/super-block-intro.tsx', [13], [13]), ('client/src/utils/is-a-cert.ts', [1], [1]), ('client/src/utils/superblock-map-titles.ts', [2], [2]), ('config/certification-settings.ts', [1], [21, 22, 23, 24, 25, 26, 27, 28, 29, 30, 31, 32, 33, 34, 35, 36, 37, 38, 39, 40]), ('config/i18n.ts', [104, 105, 110], [104, 109]), ('config/superblock-order.test.ts', [], [1, 2, 3, 4, 5, 6, 7, 8, 9, 10, 11, 12, 13, 15, 16, 17, 18, 20, 21, 22, 23, 25, 26, 27, 28, 30, 31, 32, 33, 34, 35, 37, 38, 39, 40, 41, 43, 44, 45, 46, 47, 48, 50, 51, 52, 53, 54, 55, 57, 58, 59, 60, 61, 63, 64, 65, 67, 68, 69, 70, 71, 72, 73, 74, 76, 77, 78, 79, 80, 81, 82, 83, 84, 85, 87, 88, 89, 91, 92, 93, 94, 95, 96, 97, 98, 100, 101, 102, 103, 104, 105, 106, 107, 108, 109, 111, 112, 113, 115, 116, 117, 118, 119, 120, 121, 123, 124, 125, 126, 127, 128, 129, 130, 132, 133, 134, 135, 136, 137, 138, 139, 140, 141, 142, 143, 144, 145, 146, 147, 148, 149, 150, 151, 152, 153, 154, 155, 156, 157, 158, 159, 160, 161, 163, 164, 165, 166, 167, 168, 169, 170, 171, 172, 173, 174, 175, 176, 178, 179, 180, 181, 182, 183, 184, 185, 186, 187, 188, 189, 190, 191, 192, 193, 194, 195, 196, 197, 198, 199, 200, 201, 202, 203, 204, 205]), ('config/superblock-order.ts', [], [1, 2, 4, 5, 6, 7, 8, 9, 10, 11, 13, 14, 15, 16, 18, 19, 20, 21, 23, 24, 25, 26, 27, 28, 30, 31, 32, 33, 34, 35, 37, 38, 39, 40, 41, 42, 43, 44, 45, 46, 47, 48, 49, 50, 51, 52, 53, 54, 55, 57, 58, 60, 61, 62, 63, 64, 65, 66, 67, 68, 69, 70, 71, 72, 73, 74, 75, 76, 77, 78, 79, 80, 81, 82, 83, 84, 85, 86, 88, 89, 90, 91, 92, 93, 94, 95, 96, 97, 98, 99, 100, 101, 102, 103, 104, 105, 106, 107, 108, 109, 110, 111, 112, 113, 114, 115, 116, 117, 118, 119, 120, 121, 122, 123, 124, 125, 126, 127, 128, 129, 130, 131, 132, 133, 134, 135, 136, 137, 138, 139, 140, 141, 142, 143, 144, 145, 146, 147, 148, 149, 150, 151, 152, 153, 154, 155, 156, 157, 158, 159, 160, 161, 162, 163, 164, 165, 166, 167, 168, 169, 170, 171, 172, 173, 174, 175, 176, 177, 178, 179, 180, 181, 182, 183, 184, 185, 186, 187, 188, 189, 190, 191, 192, 193, 194, 195, 196, 197, 198, 199, 200, 201, 202, 203, 204, 205, 206, 207, 208, 209, 210, 211, 212, 213, 214, 215, 216, 217, 218, 219, 220, 221, 222, 223, 224, 225, 226, 227, 228, 229, 230, 231, 232, 233, 234, 235, 236, 237, 238, 239, 240, 241, 242, 243, 244, 245, 246, 247, 248, 249, 250, 251, 252, 253, 254, 255, 256, 257, 258, 259, 260, 261, 262, 263, 264, 265, 266, 267, 268, 269, 270, 271, 272, 273, 274, 275, 276, 277, 278, 279, 280, 281, 282, 283, 284, 285, 286, 287, 288, 289, 290, 291, 292, 293, 294, 295, 296, 297, 298, 299, 300, 301, 302, 303, 304, 305, 306, 307, 308, 309, 310, 311, 312, 313, 314, 315, 316, 317, 318, 319, 320, 321, 322, 323, 324, 325, 326, 327, 328, 329, 330, 331, 332, 333, 334, 335, 336, 337, 338, 339, 340, 341, 342, 343, 344, 345, 346, 347, 348, 349, 350, 351, 352, 353, 354, 355, 356, 357, 358, 359, 360, 361, 362, 363, 364, 365, 366, 367, 368, 369, 370, 371, 372, 373, 374, 375, 376, 377, 378, 379, 380, 381, 382, 383, 384, 385, 386, 387, 388, 389, 390, 391, 392, 393, 394, 395, 396, 397, 398, 399, 400, 401, 402, 403, 404, 405, 406, 407, 408, 409, 410, 411, 412, 413, 414, 415, 416, 417, 418, 419, 420, 421, 422, 423, 424, 425, 426, 427, 428, 429, 430, 431, 432, 433, 434, 435, 436, 437, 438, 439, 440, 441, 442, 443, 444, 445, 446, 447, 448, 449, 450, 451, 452, 453, 454, 455, 456, 457, 458, 459, 460, 461, 462, 463, 464, 465, 466, 467, 468, 469, 470, 471, 472, 473, 474, 475, 476, 477, 478, 479, 480, 481, 482, 483, 484, 485, 486, 487, 488, 489, 490, 491, 492, 493, 494, 495, 496, 497, 498, 499, 500, 501, 502, 503, 504, 505, 506, 507, 508, 509, 510, 511, 512, 513, 514, 515, 516, 517, 518, 519, 520, 521, 522, 523, 524, 525, 526, 527, 528, 529, 530, 531, 532, 533, 534, 535, 536, 537, 538, 539, 540, 541, 542, 543, 544, 545, 546, 547, 548, 549, 550, 551, 552, 553, 554, 555, 556, 557, 558, 559, 560, 561, 562, 563, 564, 565, 566, 567, 568, 569, 570, 571, 572, 573, 574, 575, 576, 577, 578, 579, 580, 581, 582, 583, 584, 585, 586, 587, 588, 589, 590, 591, 592, 593, 594, 595, 596, 597, 599, 600, 601, 603, 604, 605, 606, 607, 608, 609, 610, 611, 612, 613, 614, 615, 616, 617, 618, 619, 620, 621, 623, 624, 625, 626, 627, 629, 630, 631, 632, 633, 634, 636, 637, 638, 639, 640, 641, 642, 643, 644, 645, 646, 647, 648, 649, 650, 651, 652, 654, 655, 657, 658, 659, 660, 661, 662, 664, 665, 666, 667, 668, 669, 670, 671, 672, 673, 674, 675, 676, 677, 678, 680, 681, 683, 684, 685, 686, 687, 688, 690, 691, 692, 693, 694, 695, 696, 697, 698, 699, 700, 701, 702, 703, 704, 706, 707]), ('config/superblocks.test.ts', [1, 2, 3, 4, 5, 6, 7, 8, 9, 10, 11, 13, 14, 15, 16, 17, 18, 19, 20, 21, 22, 24, 25, 26, 27, 28, 29, 30, 31, 32, 33, 34, 35, 36, 38, 39, 40, 41, 42, 43, 44, 45, 46, 48, 49, 50, 51, 52, 53, 54, 55, 57, 58, 59, 60, 61, 62, 63, 64, 65, 66, 67, 69, 70, 71, 72, 73, 74, 75, 76, 77, 79, 80, 81, 82, 83, 84, 85, 86, 87, 89, 90, 91, 92, 93, 94, 96, 97, 98, 99, 100, 102, 103, 104, 105, 106, 107, 109, 110, 111, 112, 113, 114, 115, 116, 118, 119, 120, 121, 122, 123, 124, 125], []), ('config/superblocks.ts', [1, 3, 4, 5, 6, 7, 8, 9, 10, 11, 12, 13, 14, 15, 16, 17, 18, 19, 20, 21, 22, 23, 25, 26, 27, 28, 29, 30, 31, 32, 33, 34, 35, 36, 37, 38, 39, 40, 42, 43, 44, 46, 47, 48, 49, 50, 51, 52, 53, 54, 55, 56, 57, 58, 59, 60, 61, 62, 63, 64, 65, 66, 67, 68, 69, 70, 71, 72, 73, 74, 75, 76, 77, 78, 80, 82, 83, 84, 86, 87, 88, 89, 90, 91, 92, 93, 94, 95, 96, 97, 98, 99, 100, 101, 102, 103, 104, 105, 106, 107, 108, 109, 110, 111, 112, 113, 114, 115, 116, 117, 118, 119, 120, 121, 122, 123, 124, 125, 126, 127, 128, 129, 130, 131, 132, 133, 134, 135, 136, 137, 138, 139, 140, 141, 142, 143, 144, 145, 146, 147, 148, 149, 150, 151, 152, 153, 154, 155, 156, 157, 158, 159, 160, 161, 162, 163, 164, 166, 168, 169, 170, 171, 173, 174, 175, 177, 178, 179, 180, 181, 182, 183, 184, 185, 186, 187, 188, 189, 190, 191, 193, 194, 195, 196, 197, 198, 199, 200, 201, 202, 203, 204, 205, 207, 208, 209, 210, 211, 212, 213, 214, 215, 216, 217, 218, 219, 220, 221, 222, 223, 225, 226, 227, 228, 229, 230, 231, 232, 234, 235, 236, 237, 238, 239, 240, 241, 242, 243], []), ('curriculum/utils.js', [3, 4, 5, 26, 27, 28, 30, 31, 32, 33, 34, 38, 39, 40, 45, 49], [3, 4, 5, 6, 7, 8, 29, 30, 31, 32, 33, 34, 35, 36, 37, 38, 39, 40, 43, 44, 45, 46, 47, 48, 49, 50, 51, 53, 54, 55, 56, 57, 58, 61, 63, 64, 65, 66, 67, 68, 70, 71, 72, 73, 74, 75, 76, 78, 79, 80, 81, 82, 84, 85, 90, 91]), ('curriculum/utils.test.ts', [7, 12, 13, 14, 15, 16, 17, 18, 19, 20, 21, 22, 23, 24, 25, 26, 27, 28, 29, 30, 31, 33, 48, 49, 50, 51, 55, 57, 58, 61, 62, 63, 64, 65, 66, 90, 91, 92, 93, 94, 95, 96, 97, 117, 119, 120, 121, 122, 123, 124, 125, 126, 127, 128, 129, 130, 131], [7, 12, 27, 28, 30, 31, 32, 33, 34, 35, 36, 37, 38, 39, 40, 41, 42, 43, 44, 45, 46, 47, 48, 49, 51, 52, 53, 54, 55, 56, 57, 58, 59, 60, 61, 62, 63, 64, 65, 66, 67, 69, 70, 71, 72, 73, 74, 75, 76, 77, 78, 79, 80, 81, 82, 83, 84, 88, 89, 90, 91, 92, 94, 95, 96, 97, 98, 100, 101, 102, 103, 104, 106, 107, 108, 109, 110, 112, 113, 116, 117, 118, 120, 121, 122, 124, 125, 149, 150, 151, 152, 154, 175, 176, 177, 178, 179, 180, 181]), ('cypress/e2e/default/landing.ts', [5, 15, 27, 28, 29, 30, 74, 75, 76, 77], [14, 26, 70, 71, 72, 73, 74, 75, 76]), ('cypress/e2e/default/learn/challenges/projects.ts', [1], [1]), ('cypress/e2e/default/learn/index.ts', [2, 46], [2, 46]), ('cypress/e2e/default/learn/responsive-web-design/show-cert-from-superblock.ts', [1], [1]), ('docs/how-to-enable-new-languages.md', [123, 125, 128, 130, 131, 132, 133, 134, 135, 136, 137, 138, 139, 140, 141, 142, 143, 144, 148], [123, 125, 128, 130, 131, 132, 133, 134, 135, 136, 137, 138, 139, 140, 141, 142, 143, 144, 145, 146, 147, 148, 149, 150, 151, 152, 153, 154, 155, 156, 157, 158, 159, 160, 161, 162, 163, 164, 165, 166, 167, 168, 169, 170, 171, 175, 177, 178, 180, 182, 183, 184, 185]), ('docs/language-lead-handbook.md', [392], [392]), ('tools/challenge-auditor/index.ts', [12], [12, 13]), ('tools/challenge-helper-scripts/create-project.ts', [8], [8]), ('tools/challenge-helper-scripts/fs-utils.test.ts', [3], [3]), ('tools/challenge-helper-scripts/fs-utils.ts', [1], [1]), ('tools/scripts/build/build-external-curricula-data.test.ts', [8], [8]), ('tools/scripts/build/build-external-curricula-data.ts', [5], [5]), ('utils/is-audited.js', [1, 2, 3, 4, 5, 11, 12, 13, 14, 15], [1, 2, 8, 9, 10, 12])]",Tom
"chore(i18n,docs): processed translations (#50567)",1685546140,['docs/i18n/ukrainian/devops.md'],"[('docs/i18n/ukrainian/devops.md', [889, 893, 927, 929, 931, 933, 940, 942, 948, 950, 952, 954, 956], [889, 893, 927, 929, 931, 933, 940, 942, 948, 950, 952, 954, 956])]",camperbot
"chore(i18n,learn): processed translations (#50568)",1685542892,"['curriculum/challenges/espanol/06-quality-assurance/quality-assurance-and-testing-with-chai/run-functional-tests-on-api-endpoints-using-chai-http.md', 'curriculum/challenges/german/14-responsive-web-design-22/learn-css-colors-by-building-a-set-of-colored-markers/61764fdda535587e1fefb3aa.md', 'curriculum/challenges/german/14-responsive-web-design-22/learn-css-colors-by-building-a-set-of-colored-markers/61b093179e7fc020b43b1bb3.md', 'curriculum/challenges/german/14-responsive-web-design-22/learn-css-colors-by-building-a-set-of-colored-markers/61b3183655ec10efd8c0bb07.md', 'curriculum/challenges/german/14-responsive-web-design-22/learn-css-grid-by-building-a-magazine/614385513d91ae5c251c2052.md', 'curriculum/challenges/german/14-responsive-web-design-22/learn-css-grid-by-building-a-magazine/6143862a5e54455d262c212e.md', 'curriculum/challenges/german/14-responsive-web-design-22/learn-css-grid-by-building-a-magazine/6143869bb45bd85e3b1926aa.md', 'curriculum/challenges/german/14-responsive-web-design-22/learn-css-grid-by-building-a-magazine/61438ec09438696391076d6a.md', 'curriculum/challenges/german/14-responsive-web-design-22/learn-css-grid-by-building-a-magazine/61439dfc811e12666b04be6f.md', 'curriculum/challenges/german/14-responsive-web-design-22/learn-css-grid-by-building-a-magazine/6143d003ad9e9d76766293ec.md', 'curriculum/challenges/german/14-responsive-web-design-22/learn-css-grid-by-building-a-magazine/6148ceaf5d897d4d8b3554b3.md', 'curriculum/challenges/german/14-responsive-web-design-22/learn-css-grid-by-building-a-magazine/6165d3b702a5d92ad970b30c.md', 'curriculum/challenges/german/14-responsive-web-design-22/learn-css-transforms-by-building-a-penguin/61968f8877c6720d6d61aaf5.md', 'curriculum/challenges/german/14-responsive-web-design-22/learn-css-transforms-by-building-a-penguin/6196990f966e8f10a40094f6.md', 'curriculum/challenges/german/14-responsive-web-design-22/learn-css-transforms-by-building-a-penguin/6196d41d40bf9b2aaea5d520.md', 'curriculum/challenges/german/14-responsive-web-design-22/learn-css-transforms-by-building-a-penguin/619d02c7bc95bf0827a5d296.md', 'curriculum/challenges/german/14-responsive-web-design-22/learn-css-transforms-by-building-a-penguin/619d1629a8adc61960ca8b40.md', 'curriculum/challenges/german/14-responsive-web-design-22/learn-css-transforms-by-building-a-penguin/619d23089e787e216a7043d6.md', 'curriculum/challenges/german/14-responsive-web-design-22/learn-css-transforms-by-building-a-penguin/619d26b12e651022d80cd017.md', 'curriculum/challenges/german/14-responsive-web-design-22/learn-css-transforms-by-building-a-penguin/619d2f0e9440bc27caee1cec.md', 'curriculum/challenges/german/14-responsive-web-design-22/learn-css-transforms-by-building-a-penguin/619d30350883802921bfcccc.md', 'curriculum/challenges/german/14-responsive-web-design-22/learn-css-variables-by-building-a-city-skyline/5d822fd413a79914d39e9900.md', 'curriculum/challenges/german/14-responsive-web-design-22/learn-html-by-building-a-cat-photo-app/5dfb5ecbeacea3f48c6300b1.md', 'curriculum/challenges/german/14-responsive-web-design-22/learn-html-by-building-a-cat-photo-app/5dfb6250eacea3f48c6300b2.md', 'curriculum/challenges/german/14-responsive-web-design-22/learn-html-by-building-a-cat-photo-app/5ef9b03c81a63668521804d4.md', 'curriculum/challenges/german/14-responsive-web-design-22/learn-html-by-building-a-cat-photo-app/5ef9b03c81a63668521804d9.md', 'curriculum/challenges/german/14-responsive-web-design-22/learn-html-by-building-a-cat-photo-app/5ef9b03c81a63668521804de.md', 'curriculum/challenges/german/14-responsive-web-design-22/learn-html-by-building-a-cat-photo-app/5ef9b03c81a63668521804eb.md', 'curriculum/challenges/german/14-responsive-web-design-22/learn-html-by-building-a-cat-photo-app/5f05a1d8e233dff4a68508d8.md', 'curriculum/challenges/german/14-responsive-web-design-22/learn-html-forms-by-building-a-registration-form/60f8618d191b940d62038513.md', 'curriculum/challenges/german/14-responsive-web-design-22/learn-html-forms-by-building-a-registration-form/60fab4a123ce4b04526b082b.md', 'curriculum/challenges/german/14-responsive-web-design-22/learn-html-forms-by-building-a-registration-form/60faca286cb48b07f6482970.md', 'curriculum/challenges/german/14-responsive-web-design-22/learn-html-forms-by-building-a-registration-form/60facde2d0dc61085b41063f.md', 'curriculum/challenges/german/14-responsive-web-design-22/learn-html-forms-by-building-a-registration-form/60fad8e6148f310bba7890b1.md', 'curriculum/challenges/german/14-responsive-web-design-22/learn-html-forms-by-building-a-registration-form/60fadd972e6ffe0d6858fa2d.md', 'curriculum/challenges/german/14-responsive-web-design-22/learn-html-forms-by-building-a-registration-form/60ffe4f4ec18cd04dc470c56.md', 'curriculum/challenges/german/14-responsive-web-design-22/learn-intermediate-css-by-building-a-picasso-painting/60b69a66b6ddb80858c515a2.md', 'curriculum/challenges/german/14-responsive-web-design-22/learn-more-about-css-pseudo-selectors-by-building-a-balance-sheet/61fd5a93fd62bb35968adeab.md', 'curriculum/challenges/german/14-responsive-web-design-22/learn-more-about-css-pseudo-selectors-by-building-a-balance-sheet/61fd71d596e8f253b9408b39.md', 'curriculum/challenges/german/14-responsive-web-design-22/learn-more-about-css-pseudo-selectors-by-building-a-balance-sheet/61fd7648a7ba2e5882436831.md', 'curriculum/challenges/german/14-responsive-web-design-22/learn-more-about-css-pseudo-selectors-by-building-a-balance-sheet/61fd8e491324ce717da97ffe.md', 'curriculum/challenges/german/14-responsive-web-design-22/learn-more-about-css-pseudo-selectors-by-building-a-balance-sheet/61fd990577d8227dd93fbeeb.md', 'curriculum/challenges/german/14-responsive-web-design-22/learn-more-about-css-pseudo-selectors-by-building-a-balance-sheet/620175b3710a0951cfa86edf.md', 'curriculum/challenges/german/14-responsive-web-design-22/learn-more-about-css-pseudo-selectors-by-building-a-balance-sheet/6201782cc420715562f36271.md', 'curriculum/challenges/german/14-responsive-web-design-22/learn-responsive-web-design-by-building-a-piano/612e7d1c29fb872d6384379c.md', 'curriculum/challenges/german/14-responsive-web-design-22/learn-responsive-web-design-by-building-a-piano/612e89d254fe5d3df7d6693d.md', 'curriculum/challenges/german/14-responsive-web-design-22/learn-responsive-web-design-by-building-a-piano/612e95ef2e4bdf41f69067f9.md', 'curriculum/challenges/german/14-responsive-web-design-22/learn-responsive-web-design-by-building-a-piano/612e9d142affc44a453655db.md', 'curriculum/challenges/german/14-responsive-web-design-22/learn-the-css-box-model-by-building-a-rothko-painting/60a3e3396c7b40068ad6996b.md', 'curriculum/challenges/german/14-responsive-web-design-22/learn-the-css-box-model-by-building-a-rothko-painting/60a3e3396c7b40068ad6996e.md', 'curriculum/challenges/german/14-responsive-web-design-22/learn-the-css-box-model-by-building-a-rothko-painting/60a3e3396c7b40068ad69970.md', 'curriculum/challenges/german/14-responsive-web-design-22/learn-the-css-box-model-by-building-a-rothko-painting/60a3e3396c7b40068ad6997d.md', 'curriculum/challenges/german/14-responsive-web-design-22/learn-the-css-box-model-by-building-a-rothko-painting/60a3e3396c7b40068ad6998f.md', 'curriculum/challenges/german/14-responsive-web-design-22/learn-typography-by-building-a-nutrition-label/615f40b01f680e608d360ed4.md', 'curriculum/challenges/german/14-responsive-web-design-22/learn-typography-by-building-a-nutrition-label/615f41c979787462e76dab90.md', 'curriculum/challenges/german/14-responsive-web-design-22/learn-typography-by-building-a-nutrition-label/615f575b50b91e72af079480.md', 'curriculum/challenges/german/14-responsive-web-design-22/learn-typography-by-building-a-nutrition-label/615f74a71f1e498619e38ee8.md', 'curriculum/challenges/german/14-responsive-web-design-22/learn-typography-by-building-a-nutrition-label/615f8f1223601fa546e93f31.md', 'curriculum/challenges/portuguese/15-javascript-algorithms-and-data-structures-22/learn-form-validation-by-building-a-calorie-counter/63b606f09a14cc1781aea1fb.md', 'curriculum/challenges/portuguese/15-javascript-algorithms-and-data-structures-22/learn-form-validation-by-building-a-calorie-counter/63b6088bb56e2d1cac364043.md', 'curriculum/challenges/portuguese/15-javascript-algorithms-and-data-structures-22/learn-form-validation-by-building-a-calorie-counter/63b608ebf40c871d960fc004.md', 'curriculum/challenges/portuguese/15-javascript-algorithms-and-data-structures-22/learn-form-validation-by-building-a-calorie-counter/63b60a140bf5a321d50a7315.md', 'curriculum/challenges/portuguese/15-javascript-algorithms-and-data-structures-22/learn-form-validation-by-building-a-calorie-counter/63b613f367584d2a5d041b7d.md', 'curriculum/challenges/portuguese/15-javascript-algorithms-and-data-structures-22/learn-form-validation-by-building-a-calorie-counter/63b6152e6aff882db819fc1e.md', 'curriculum/challenges/portuguese/15-javascript-algorithms-and-data-structures-22/learn-form-validation-by-building-a-calorie-counter/63bf43be3f969d24d4ed233c.md', 'curriculum/challenges/portuguese/15-javascript-algorithms-and-data-structures-22/learn-form-validation-by-building-a-calorie-counter/63bf446945d34d25e6db6e4f.md', 'curriculum/challenges/portuguese/15-javascript-algorithms-and-data-structures-22/learn-form-validation-by-building-a-calorie-counter/63bf492b6dfb292a79f0e675.md', 'curriculum/challenges/portuguese/15-javascript-algorithms-and-data-structures-22/learn-form-validation-by-building-a-calorie-counter/63bf4bfe9de3852be51c8f86.md', 'curriculum/challenges/portuguese/15-javascript-algorithms-and-data-structures-22/learn-form-validation-by-building-a-calorie-counter/63bf4d351e06432ce9bf3627.md', 'curriculum/challenges/portuguese/15-javascript-algorithms-and-data-structures-22/learn-form-validation-by-building-a-calorie-counter/63bf511b85b6082e54dc1573.md', 'curriculum/challenges/portuguese/15-javascript-algorithms-and-data-structures-22/learn-form-validation-by-building-a-calorie-counter/63bf5230bccd1c2f5c13e1ce.md', 'curriculum/challenges/portuguese/15-javascript-algorithms-and-data-structures-22/learn-form-validation-by-building-a-calorie-counter/63bf5a518d54f63181ab639a.md', 'curriculum/challenges/portuguese/15-javascript-algorithms-and-data-structures-22/learn-form-validation-by-building-a-calorie-counter/63bf5a92fd148d3264d5322b.md', 'curriculum/challenges/portuguese/15-javascript-algorithms-and-data-structures-22/learn-form-validation-by-building-a-calorie-counter/63bf5adfe2981b332eb007b6.md', 'curriculum/challenges/portuguese/15-javascript-algorithms-and-data-structures-22/learn-form-validation-by-building-a-calorie-counter/63bf5c438f523a359769106c.md', 'curriculum/challenges/portuguese/15-javascript-algorithms-and-data-structures-22/learn-form-validation-by-building-a-calorie-counter/63bf5cf03b50bf36cfbe94ea.md', 'curriculum/challenges/portuguese/15-javascript-algorithms-and-data-structures-22/learn-form-validation-by-building-a-calorie-counter/63c1e0af28078f2dfad9eb3e.md', 'curriculum/challenges/portuguese/15-javascript-algorithms-and-data-structures-22/learn-form-validation-by-building-a-calorie-counter/63c1e1965a898d302e0af4e3.md', 'curriculum/challenges/portuguese/15-javascript-algorithms-and-data-structures-22/learn-form-validation-by-building-a-calorie-counter/63c1e704ee12703347625900.md', 'curriculum/challenges/portuguese/15-javascript-algorithms-and-data-structures-22/learn-form-validation-by-building-a-calorie-counter/63c2171c1e5b6e3aa51768d0.md', 'curriculum/challenges/portuguese/15-javascript-algorithms-and-data-structures-22/learn-form-validation-by-building-a-calorie-counter/63c21774193de43bbc6a769f.md', 'curriculum/challenges/portuguese/15-javascript-algorithms-and-data-structures-22/learn-form-validation-by-building-a-calorie-counter/63c217ccd939053ce4fa16d6.md', 'curriculum/challenges/portuguese/15-javascript-algorithms-and-data-structures-22/learn-form-validation-by-building-a-calorie-counter/63c21839f56eaf3ef4e027c4.md', 'curriculum/challenges/portuguese/15-javascript-algorithms-and-data-structures-22/learn-form-validation-by-building-a-calorie-counter/63c2187f55eb0f400269568f.md', 'curriculum/challenges/portuguese/15-javascript-algorithms-and-data-structures-22/learn-form-validation-by-building-a-calorie-counter/63c218c028c56a411b2a379a.md', 'curriculum/challenges/portuguese/15-javascript-algorithms-and-data-structures-22/learn-form-validation-by-building-a-calorie-counter/63c21c17fa8fd6447ff0389d.md', 'curriculum/challenges/portuguese/15-javascript-algorithms-and-data-structures-22/learn-form-validation-by-building-a-calorie-counter/63c21cd2c34541469f5700a9.md', 'curriculum/challenges/portuguese/15-javascript-algorithms-and-data-structures-22/learn-form-validation-by-building-a-calorie-counter/63c21dea919c8e4adb0df8e8.md', 'curriculum/challenges/portuguese/15-javascript-algorithms-and-data-structures-22/learn-form-validation-by-building-a-calorie-counter/63c8ab51214c8c1f1b9a49f7.md', 'curriculum/challenges/portuguese/15-javascript-algorithms-and-data-structures-22/learn-form-validation-by-building-a-calorie-counter/63c8ad0cd8f1e5201c4ef2e4.md', 'curriculum/challenges/portuguese/15-javascript-algorithms-and-data-structures-22/learn-form-validation-by-building-a-calorie-counter/63c8b0187cceff21c8389543.md', 'curriculum/challenges/portuguese/15-javascript-algorithms-and-data-structures-22/learn-form-validation-by-building-a-calorie-counter/63c8c00bfb671b23f9de4159.md', 'curriculum/challenges/portuguese/15-javascript-algorithms-and-data-structures-22/learn-form-validation-by-building-a-calorie-counter/63c8c15fd337ad24b9b68049.md', 'curriculum/challenges/portuguese/15-javascript-algorithms-and-data-structures-22/learn-form-validation-by-building-a-calorie-counter/63c9bc53735149084390e5d0.md', 'curriculum/challenges/portuguese/15-javascript-algorithms-and-data-structures-22/learn-form-validation-by-building-a-calorie-counter/63c9be334f4a050c0b94bc93.md', 'curriculum/challenges/portuguese/15-javascript-algorithms-and-data-structures-22/learn-form-validation-by-building-a-calorie-counter/63c9bf80558d780e848b2987.md', 'curriculum/challenges/portuguese/15-javascript-algorithms-and-data-structures-22/learn-form-validation-by-building-a-calorie-counter/63c9c0d0857f0a10a57af936.md', 'curriculum/challenges/portuguese/15-javascript-algorithms-and-data-structures-22/learn-form-validation-by-building-a-calorie-counter/63c9c11a0a090311dff55564.md', 'curriculum/challenges/portuguese/15-javascript-algorithms-and-data-structures-22/learn-form-validation-by-building-a-calorie-counter/63c9c16dd75dd212dc12363c.md', 'curriculum/challenges/portuguese/15-javascript-algorithms-and-data-structures-22/learn-form-validation-by-building-a-calorie-counter/63c9c1ef134f3513e751c975.md', 'curriculum/challenges/portuguese/15-javascript-algorithms-and-data-structures-22/learn-form-validation-by-building-a-calorie-counter/63c9e51b3a007a1eba1cd0f6.md', 'curriculum/challenges/portuguese/15-javascript-algorithms-and-data-structures-22/learn-form-validation-by-building-a-calorie-counter/63c9e55b4b06c11fff555c64.md', 'curriculum/challenges/portuguese/15-javascript-algorithms-and-data-structures-22/learn-form-validation-by-building-a-calorie-counter/63c9e5eea8261d22856ead1c.md', 'curriculum/challenges/portuguese/15-javascript-algorithms-and-data-structures-22/learn-form-validation-by-building-a-calorie-counter/63c9e769df38c92635c158ba.md', 'curriculum/challenges/portuguese/15-javascript-algorithms-and-data-structures-22/learn-form-validation-by-building-a-calorie-counter/63c9e8fe3a6f022a05a04675.md', 'curriculum/challenges/portuguese/15-javascript-algorithms-and-data-structures-22/learn-form-validation-by-building-a-calorie-counter/63c9e94e9df7d72aed1c24bd.md', 'curriculum/challenges/portuguese/15-javascript-algorithms-and-data-structures-22/learn-form-validation-by-building-a-calorie-counter/63c9eb09bcfaa72e3da820a1.md', 'curriculum/challenges/portuguese/15-javascript-algorithms-and-data-structures-22/learn-form-validation-by-building-a-calorie-counter/63c9eb4a5d68f12f32d9b440.md', 'curriculum/challenges/portuguese/15-javascript-algorithms-and-data-structures-22/learn-form-validation-by-building-a-calorie-counter/63c9f28bda3e3f336e21b6b4.md', 'curriculum/challenges/portuguese/15-javascript-algorithms-and-data-structures-22/learn-form-validation-by-building-a-calorie-counter/63c9f2bff625af342023512c.md']","[('curriculum/challenges/espanol/06-quality-assurance/quality-assurance-and-testing-with-chai/run-functional-tests-on-api-endpoints-using-chai-http.md', [39, 41, 45], [39, 41, 45]), ('curriculum/challenges/german/14-responsive-web-design-22/learn-css-colors-by-building-a-set-of-colored-markers/61764fdda535587e1fefb3aa.md', [10, 21, 35], [10, 21, 35]), ('curriculum/challenges/german/14-responsive-web-design-22/learn-css-colors-by-building-a-set-of-colored-markers/61b093179e7fc020b43b1bb3.md', [10, 12], [10, 12]), ('curriculum/challenges/german/14-responsive-web-design-22/learn-css-colors-by-building-a-set-of-colored-markers/61b3183655ec10efd8c0bb07.md', [10, 12], [10, 12]), ('curriculum/challenges/german/14-responsive-web-design-22/learn-css-grid-by-building-a-magazine/614385513d91ae5c251c2052.md', [55], [55]), ('curriculum/challenges/german/14-responsive-web-design-22/learn-css-grid-by-building-a-magazine/6143862a5e54455d262c212e.md', [10], [10]), ('curriculum/challenges/german/14-responsive-web-design-22/learn-css-grid-by-building-a-magazine/6143869bb45bd85e3b1926aa.md', [14], [14]), ('curriculum/challenges/german/14-responsive-web-design-22/learn-css-grid-by-building-a-magazine/61438ec09438696391076d6a.md', [48], [48]), ('curriculum/challenges/german/14-responsive-web-design-22/learn-css-grid-by-building-a-magazine/61439dfc811e12666b04be6f.md', [10, 18, 24], [10, 18, 24]), ('curriculum/challenges/german/14-responsive-web-design-22/learn-css-grid-by-building-a-magazine/6143d003ad9e9d76766293ec.md', [10], [10]), ('curriculum/challenges/german/14-responsive-web-design-22/learn-css-grid-by-building-a-magazine/6148ceaf5d897d4d8b3554b3.md', [10, 12], [10, 12]), ('curriculum/challenges/german/14-responsive-web-design-22/learn-css-grid-by-building-a-magazine/6165d3b702a5d92ad970b30c.md', [14, 32, 38, 44, 56], [14, 32, 38, 44, 56]), ('curriculum/challenges/german/14-responsive-web-design-22/learn-css-transforms-by-building-a-penguin/61968f8877c6720d6d61aaf5.md', [14, 26], [14, 26]), ('curriculum/challenges/german/14-responsive-web-design-22/learn-css-transforms-by-building-a-penguin/6196990f966e8f10a40094f6.md', [10, 14], [10, 14]), ('curriculum/challenges/german/14-responsive-web-design-22/learn-css-transforms-by-building-a-penguin/6196d41d40bf9b2aaea5d520.md', [14, 20], [14, 20]), ('curriculum/challenges/german/14-responsive-web-design-22/learn-css-transforms-by-building-a-penguin/619d02c7bc95bf0827a5d296.md', [10], [10]), ('curriculum/challenges/german/14-responsive-web-design-22/learn-css-transforms-by-building-a-penguin/619d1629a8adc61960ca8b40.md', [20, 26, 32], [20, 26, 32]), ('curriculum/challenges/german/14-responsive-web-design-22/learn-css-transforms-by-building-a-penguin/619d23089e787e216a7043d6.md', [10], [10]), ('curriculum/challenges/german/14-responsive-web-design-22/learn-css-transforms-by-building-a-penguin/619d26b12e651022d80cd017.md', [20, 26], [20, 26]), ('curriculum/challenges/german/14-responsive-web-design-22/learn-css-transforms-by-building-a-penguin/619d2f0e9440bc27caee1cec.md', [10], [10]), ('curriculum/challenges/german/14-responsive-web-design-22/learn-css-transforms-by-building-a-penguin/619d30350883802921bfcccc.md', [12, 16, 22], [12, 16, 22]), ('curriculum/challenges/german/14-responsive-web-design-22/learn-css-variables-by-building-a-city-skyline/5d822fd413a79914d39e9900.md', [10], [10]), ('curriculum/challenges/german/14-responsive-web-design-22/learn-html-by-building-a-cat-photo-app/5dfb5ecbeacea3f48c6300b1.md', [10, 19, 25, 42], [10, 19, 25, 42]), ('curriculum/challenges/german/14-responsive-web-design-22/learn-html-by-building-a-cat-photo-app/5dfb6250eacea3f48c6300b2.md', [26, 49, 58], [26, 49, 58]), ('curriculum/challenges/german/14-responsive-web-design-22/learn-html-by-building-a-cat-photo-app/5ef9b03c81a63668521804d4.md', [28, 39], [28, 39]), ('curriculum/challenges/german/14-responsive-web-design-22/learn-html-by-building-a-cat-photo-app/5ef9b03c81a63668521804d9.md', [22, 31], [22, 31]), ('curriculum/challenges/german/14-responsive-web-design-22/learn-html-by-building-a-cat-photo-app/5ef9b03c81a63668521804de.md', [10, 16, 28], [10, 16, 28]), ('curriculum/challenges/german/14-responsive-web-design-22/learn-html-by-building-a-cat-photo-app/5ef9b03c81a63668521804eb.md', [37], [37]), ('curriculum/challenges/german/14-responsive-web-design-22/learn-html-by-building-a-cat-photo-app/5f05a1d8e233dff4a68508d8.md', [10, 14, 20, 32, 38, 72, 78], [10, 14, 20, 32, 38, 72, 78]), ('curriculum/challenges/german/14-responsive-web-design-22/learn-html-forms-by-building-a-registration-form/60f8618d191b940d62038513.md', [20, 26, 32], [20, 26, 32]), ('curriculum/challenges/german/14-responsive-web-design-22/learn-html-forms-by-building-a-registration-form/60fab4a123ce4b04526b082b.md', [28], [28]), ('curriculum/challenges/german/14-responsive-web-design-22/learn-html-forms-by-building-a-registration-form/60faca286cb48b07f6482970.md', [10], [10]), ('curriculum/challenges/german/14-responsive-web-design-22/learn-html-forms-by-building-a-registration-form/60facde2d0dc61085b41063f.md', [12, 16, 22, 34], [12, 16, 22, 34]), ('curriculum/challenges/german/14-responsive-web-design-22/learn-html-forms-by-building-a-registration-form/60fad8e6148f310bba7890b1.md', [10], [10]), ('curriculum/challenges/german/14-responsive-web-design-22/learn-html-forms-by-building-a-registration-form/60fadd972e6ffe0d6858fa2d.md', [12, 14], [12, 14]), ('curriculum/challenges/german/14-responsive-web-design-22/learn-html-forms-by-building-a-registration-form/60ffe4f4ec18cd04dc470c56.md', [12], [12]), ('curriculum/challenges/german/14-responsive-web-design-22/learn-intermediate-css-by-building-a-picasso-painting/60b69a66b6ddb80858c515a2.md', [14], [14]), ('curriculum/challenges/german/14-responsive-web-design-22/learn-more-about-css-pseudo-selectors-by-building-a-balance-sheet/61fd5a93fd62bb35968adeab.md', [22, 34, 40, 46, 81, 101], [22, 34, 40, 46, 81, 101]), ('curriculum/challenges/german/14-responsive-web-design-22/learn-more-about-css-pseudo-selectors-by-building-a-balance-sheet/61fd71d596e8f253b9408b39.md', [10, 12, 16, 28], [10, 12, 16, 28]), ('curriculum/challenges/german/14-responsive-web-design-22/learn-more-about-css-pseudo-selectors-by-building-a-balance-sheet/61fd7648a7ba2e5882436831.md', [14], [14]), ('curriculum/challenges/german/14-responsive-web-design-22/learn-more-about-css-pseudo-selectors-by-building-a-balance-sheet/61fd8e491324ce717da97ffe.md', [14], [14]), ('curriculum/challenges/german/14-responsive-web-design-22/learn-more-about-css-pseudo-selectors-by-building-a-balance-sheet/61fd990577d8227dd93fbeeb.md', [10, 12, 16], [10, 12, 16]), ('curriculum/challenges/german/14-responsive-web-design-22/learn-more-about-css-pseudo-selectors-by-building-a-balance-sheet/620175b3710a0951cfa86edf.md', [10], [10]), ('curriculum/challenges/german/14-responsive-web-design-22/learn-more-about-css-pseudo-selectors-by-building-a-balance-sheet/6201782cc420715562f36271.md', [10], [10]), ('curriculum/challenges/german/14-responsive-web-design-22/learn-responsive-web-design-by-building-a-piano/612e7d1c29fb872d6384379c.md', [21], [21]), ('curriculum/challenges/german/14-responsive-web-design-22/learn-responsive-web-design-by-building-a-piano/612e89d254fe5d3df7d6693d.md', [14], [14]), ('curriculum/challenges/german/14-responsive-web-design-22/learn-responsive-web-design-by-building-a-piano/612e95ef2e4bdf41f69067f9.md', [10], [10]), ('curriculum/challenges/german/14-responsive-web-design-22/learn-responsive-web-design-by-building-a-piano/612e9d142affc44a453655db.md', [10], [10]), ('curriculum/challenges/german/14-responsive-web-design-22/learn-the-css-box-model-by-building-a-rothko-painting/60a3e3396c7b40068ad6996b.md', [15, 27, 39, 45], [15, 27, 39, 45]), ('curriculum/challenges/german/14-responsive-web-design-22/learn-the-css-box-model-by-building-a-rothko-painting/60a3e3396c7b40068ad6996e.md', [12, 20], [12, 20]), ('curriculum/challenges/german/14-responsive-web-design-22/learn-the-css-box-model-by-building-a-rothko-painting/60a3e3396c7b40068ad69970.md', [12], [12]), ('curriculum/challenges/german/14-responsive-web-design-22/learn-the-css-box-model-by-building-a-rothko-painting/60a3e3396c7b40068ad6997d.md', [10], [10]), ('curriculum/challenges/german/14-responsive-web-design-22/learn-the-css-box-model-by-building-a-rothko-painting/60a3e3396c7b40068ad6998f.md', [16], [16]), ('curriculum/challenges/german/14-responsive-web-design-22/learn-typography-by-building-a-nutrition-label/615f40b01f680e608d360ed4.md', [10, 12], [10, 12]), ('curriculum/challenges/german/14-responsive-web-design-22/learn-typography-by-building-a-nutrition-label/615f41c979787462e76dab90.md', [12, 16, 28, 34], [12, 16, 28, 34]), ('curriculum/challenges/german/14-responsive-web-design-22/learn-typography-by-building-a-nutrition-label/615f575b50b91e72af079480.md', [10], [10]), ('curriculum/challenges/german/14-responsive-web-design-22/learn-typography-by-building-a-nutrition-label/615f74a71f1e498619e38ee8.md', [10], [10]), ('curriculum/challenges/german/14-responsive-web-design-22/learn-typography-by-building-a-nutrition-label/615f8f1223601fa546e93f31.md', [10, 26, 32], [10, 26, 32]), ('curriculum/challenges/portuguese/15-javascript-algorithms-and-data-structures-22/learn-form-validation-by-building-a-calorie-counter/63b606f09a14cc1781aea1fb.md', [10, 14, 20, 26, 32, 38, 44], [10, 14, 20, 26, 32, 38, 44]), ('curriculum/challenges/portuguese/15-javascript-algorithms-and-data-structures-22/learn-form-validation-by-building-a-calorie-counter/63b6088bb56e2d1cac364043.md', [10, 14, 20, 26, 32, 38, 44, 50], [10, 14, 20, 26, 32, 38, 44, 50]), ('curriculum/challenges/portuguese/15-javascript-algorithms-and-data-structures-22/learn-form-validation-by-building-a-calorie-counter/63b608ebf40c871d960fc004.md', [10, 14, 20, 26, 32, 38, 44, 50, 56, 62, 68, 74, 80, 86, 92], [10, 14, 20, 26, 32, 38, 44, 50, 56, 62, 68, 74, 80, 86, 92]), ('curriculum/challenges/portuguese/15-javascript-algorithms-and-data-structures-22/learn-form-validation-by-building-a-calorie-counter/63b60a140bf5a321d50a7315.md', [10, 14, 20, 27, 33], [10, 14, 20, 27, 33]), ('curriculum/challenges/portuguese/15-javascript-algorithms-and-data-structures-22/learn-form-validation-by-building-a-calorie-counter/63b613f367584d2a5d041b7d.md', [10, 14, 20, 26, 32, 38, 44], [10, 14, 20, 26, 32, 38, 44]), ('curriculum/challenges/portuguese/15-javascript-algorithms-and-data-structures-22/learn-form-validation-by-building-a-calorie-counter/63b6152e6aff882db819fc1e.md', [10, 12, 16, 22, 28, 34], [10, 12, 16, 22, 28, 34]), ('curriculum/challenges/portuguese/15-javascript-algorithms-and-data-structures-22/learn-form-validation-by-building-a-calorie-counter/63bf43be3f969d24d4ed233c.md', [10, 14, 20], [10, 14, 20]), ('curriculum/challenges/portuguese/15-javascript-algorithms-and-data-structures-22/learn-form-validation-by-building-a-calorie-counter/63bf446945d34d25e6db6e4f.md', [10, 14, 20, 26, 32], [10, 14, 20, 26, 32]), ('curriculum/challenges/portuguese/15-javascript-algorithms-and-data-structures-22/learn-form-validation-by-building-a-calorie-counter/63bf492b6dfb292a79f0e675.md', [10, 14], [10, 14]), ('curriculum/challenges/portuguese/15-javascript-algorithms-and-data-structures-22/learn-form-validation-by-building-a-calorie-counter/63bf4bfe9de3852be51c8f86.md', [10, 12, 18, 22, 28], [10, 12, 18, 22, 28]), ('curriculum/challenges/portuguese/15-javascript-algorithms-and-data-structures-22/learn-form-validation-by-building-a-calorie-counter/63bf4d351e06432ce9bf3627.md', [10, 16, 20], [10, 16, 20]), ('curriculum/challenges/portuguese/15-javascript-algorithms-and-data-structures-22/learn-form-validation-by-building-a-calorie-counter/63bf511b85b6082e54dc1573.md', [10, 16, 20, 26, 32, 38], [10, 16, 20, 26, 32, 38]), ('curriculum/challenges/portuguese/15-javascript-algorithms-and-data-structures-22/learn-form-validation-by-building-a-calorie-counter/63bf5230bccd1c2f5c13e1ce.md', [10, 12, 16, 22, 28], [10, 12, 16, 22, 28]), ('curriculum/challenges/portuguese/15-javascript-algorithms-and-data-structures-22/learn-form-validation-by-building-a-calorie-counter/63bf5a518d54f63181ab639a.md', [10, 14], [10, 14]), ('curriculum/challenges/portuguese/15-javascript-algorithms-and-data-structures-22/learn-form-validation-by-building-a-calorie-counter/63bf5a92fd148d3264d5322b.md', [10, 12, 16, 22], [10, 12, 16, 22]), ('curriculum/challenges/portuguese/15-javascript-algorithms-and-data-structures-22/learn-form-validation-by-building-a-calorie-counter/63bf5adfe2981b332eb007b6.md', [10, 14, 20], [10, 14, 20]), ('curriculum/challenges/portuguese/15-javascript-algorithms-and-data-structures-22/learn-form-validation-by-building-a-calorie-counter/63bf5c438f523a359769106c.md', [10, 12, 16, 22, 28], [10, 12, 16, 22, 28]), ('curriculum/challenges/portuguese/15-javascript-algorithms-and-data-structures-22/learn-form-validation-by-building-a-calorie-counter/63bf5cf03b50bf36cfbe94ea.md', [10, 14, 20, 26], [10, 14, 20, 26]), ('curriculum/challenges/portuguese/15-javascript-algorithms-and-data-structures-22/learn-form-validation-by-building-a-calorie-counter/63c1e0af28078f2dfad9eb3e.md', [10, 14, 20, 26, 32], [10, 14, 20, 26, 32]), ('curriculum/challenges/portuguese/15-javascript-algorithms-and-data-structures-22/learn-form-validation-by-building-a-calorie-counter/63c1e1965a898d302e0af4e3.md', [10, 20, 22, 26, 32], [10, 20, 22, 26, 32]), ('curriculum/challenges/portuguese/15-javascript-algorithms-and-data-structures-22/learn-form-validation-by-building-a-calorie-counter/63c1e704ee12703347625900.md', [10, 14, 20, 26], [10, 14, 20, 26]), ('curriculum/challenges/portuguese/15-javascript-algorithms-and-data-structures-22/learn-form-validation-by-building-a-calorie-counter/63c2171c1e5b6e3aa51768d0.md', [10, 14, 20, 26], [10, 14, 20, 26]), ('curriculum/challenges/portuguese/15-javascript-algorithms-and-data-structures-22/learn-form-validation-by-building-a-calorie-counter/63c21774193de43bbc6a769f.md', [10, 14, 20], [10, 14, 20]), ('curriculum/challenges/portuguese/15-javascript-algorithms-and-data-structures-22/learn-form-validation-by-building-a-calorie-counter/63c217ccd939053ce4fa16d6.md', [10, 14, 20, 26, 34, 42], [10, 14, 20, 26, 34, 42]), ('curriculum/challenges/portuguese/15-javascript-algorithms-and-data-structures-22/learn-form-validation-by-building-a-calorie-counter/63c21839f56eaf3ef4e027c4.md', [14, 21, 28, 37, 45, 53], [14, 21, 28, 37, 45, 53]), ('curriculum/challenges/portuguese/15-javascript-algorithms-and-data-structures-22/learn-form-validation-by-building-a-calorie-counter/63c2187f55eb0f400269568f.md', [10, 14, 21, 28, 37, 45, 53, 61], [10, 14, 21, 28, 37, 45, 53, 61]), ('curriculum/challenges/portuguese/15-javascript-algorithms-and-data-structures-22/learn-form-validation-by-building-a-calorie-counter/63c218c028c56a411b2a379a.md', [10, 14, 20, 26], [10, 14, 20, 26]), ('curriculum/challenges/portuguese/15-javascript-algorithms-and-data-structures-22/learn-form-validation-by-building-a-calorie-counter/63c21c17fa8fd6447ff0389d.md', [10, 12, 16, 22, 28], [10, 12, 16, 22, 28]), ('curriculum/challenges/portuguese/15-javascript-algorithms-and-data-structures-22/learn-form-validation-by-building-a-calorie-counter/63c21cd2c34541469f5700a9.md', [10, 12, 14, 18, 24], [10, 12, 14, 18, 24]), ('curriculum/challenges/portuguese/15-javascript-algorithms-and-data-structures-22/learn-form-validation-by-building-a-calorie-counter/63c21dea919c8e4adb0df8e8.md', [10, 12, 16, 22, 28], [10, 12, 16, 22, 28]), ('curriculum/challenges/portuguese/15-javascript-algorithms-and-data-structures-22/learn-form-validation-by-building-a-calorie-counter/63c8ab51214c8c1f1b9a49f7.md', [10, 14, 20, 26], [10, 14, 20, 26]), ('curriculum/challenges/portuguese/15-javascript-algorithms-and-data-structures-22/learn-form-validation-by-building-a-calorie-counter/63c8ad0cd8f1e5201c4ef2e4.md', [10, 12, 16, 22, 28, 34], [10, 12, 16, 22, 28, 34]), ('curriculum/challenges/portuguese/15-javascript-algorithms-and-data-structures-22/learn-form-validation-by-building-a-calorie-counter/63c8b0187cceff21c8389543.md', [10, 12, 16, 22, 28, 34, 40], [10, 12, 16, 22, 28, 34, 40]), ('curriculum/challenges/portuguese/15-javascript-algorithms-and-data-structures-22/learn-form-validation-by-building-a-calorie-counter/63c8c00bfb671b23f9de4159.md', [10, 14, 20, 26], [10, 14, 20, 26]), ('curriculum/challenges/portuguese/15-javascript-algorithms-and-data-structures-22/learn-form-validation-by-building-a-calorie-counter/63c8c15fd337ad24b9b68049.md', [10, 12], [10, 12]), ('curriculum/challenges/portuguese/15-javascript-algorithms-and-data-structures-22/learn-form-validation-by-building-a-calorie-counter/63c9bc53735149084390e5d0.md', [10, 12, 16, 22, 29], [10, 12, 16, 22, 29]), ('curriculum/challenges/portuguese/15-javascript-algorithms-and-data-structures-22/learn-form-validation-by-building-a-calorie-counter/63c9be334f4a050c0b94bc93.md', [10, 14, 20, 26], [10, 14, 20, 26]), ('curriculum/challenges/portuguese/15-javascript-algorithms-and-data-structures-22/learn-form-validation-by-building-a-calorie-counter/63c9bf80558d780e848b2987.md', [10, 12, 16, 22, 28], [10, 12, 16, 22, 28]), ('curriculum/challenges/portuguese/15-javascript-algorithms-and-data-structures-22/learn-form-validation-by-building-a-calorie-counter/63c9c0d0857f0a10a57af936.md', [10, 14, 20, 26, 32, 38, 44, 50, 56, 62], [10, 14, 20, 26, 32, 38, 44, 50, 56, 62]), ('curriculum/challenges/portuguese/15-javascript-algorithms-and-data-structures-22/learn-form-validation-by-building-a-calorie-counter/63c9c11a0a090311dff55564.md', [10, 12, 16, 22, 28], [10, 12, 16, 22, 28]), ('curriculum/challenges/portuguese/15-javascript-algorithms-and-data-structures-22/learn-form-validation-by-building-a-calorie-counter/63c9c16dd75dd212dc12363c.md', [10, 14, 20, 26], [10, 14, 20, 26]), ('curriculum/challenges/portuguese/15-javascript-algorithms-and-data-structures-22/learn-form-validation-by-building-a-calorie-counter/63c9c1ef134f3513e751c975.md', [10, 14, 20, 26, 32, 38, 44, 50, 56, 62], [10, 14, 20, 26, 32, 38, 44, 50, 56, 62]), ('curriculum/challenges/portuguese/15-javascript-algorithms-and-data-structures-22/learn-form-validation-by-building-a-calorie-counter/63c9e51b3a007a1eba1cd0f6.md', [10, 14, 20, 26], [10, 14, 20, 26]), ('curriculum/challenges/portuguese/15-javascript-algorithms-and-data-structures-22/learn-form-validation-by-building-a-calorie-counter/63c9e55b4b06c11fff555c64.md', [10, 12, 16, 22, 28, 34, 40], [10, 12, 16, 22, 28, 34, 40]), ('curriculum/challenges/portuguese/15-javascript-algorithms-and-data-structures-22/learn-form-validation-by-building-a-calorie-counter/63c9e5eea8261d22856ead1c.md', [10, 14, 20], [10, 14, 20]), ('curriculum/challenges/portuguese/15-javascript-algorithms-and-data-structures-22/learn-form-validation-by-building-a-calorie-counter/63c9e769df38c92635c158ba.md', [10, 12, 16, 23], [10, 12, 16, 23]), ('curriculum/challenges/portuguese/15-javascript-algorithms-and-data-structures-22/learn-form-validation-by-building-a-calorie-counter/63c9e8fe3a6f022a05a04675.md', [10, 14, 21, 35], [10, 14, 21, 35]), ('curriculum/challenges/portuguese/15-javascript-algorithms-and-data-structures-22/learn-form-validation-by-building-a-calorie-counter/63c9e94e9df7d72aed1c24bd.md', [10, 12, 16, 22, 28], [10, 12, 16, 22, 28]), ('curriculum/challenges/portuguese/15-javascript-algorithms-and-data-structures-22/learn-form-validation-by-building-a-calorie-counter/63c9eb09bcfaa72e3da820a1.md', [10, 14, 20, 26], [10, 14, 20, 26]), ('curriculum/challenges/portuguese/15-javascript-algorithms-and-data-structures-22/learn-form-validation-by-building-a-calorie-counter/63c9eb4a5d68f12f32d9b440.md', [10, 12, 16, 22], [10, 12, 16, 22]), ('curriculum/challenges/portuguese/15-javascript-algorithms-and-data-structures-22/learn-form-validation-by-building-a-calorie-counter/63c9f28bda3e3f336e21b6b4.md', [10, 12, 16, 22, 28], [10, 12, 16, 22, 28]), ('curriculum/challenges/portuguese/15-javascript-algorithms-and-data-structures-22/learn-form-validation-by-building-a-calorie-counter/63c9f2bff625af342023512c.md', [10, 12, 16, 22, 28], [10, 12, 16, 22, 28])]",camperbot
fix(curriculum): rounding issue in getter/setter challenge (#50560),1685536007,['curriculum/challenges/english/02-javascript-algorithms-and-data-structures/es6/use-getters-and-setters-to-control-access-to-an-object.md'],"[('curriculum/challenges/english/02-javascript-algorithms-and-data-structures/es6/use-getters-and-setters-to-control-access-to-an-object.md', [64, 65, 68, 71, 77, 78, 84, 85, 91, 92, 98, 99, 105, 106, 107, 108, 109, 110], [64, 65, 66, 67, 70, 73, 79, 80, 81, 82, 83, 84, 90, 91, 92, 93, 94, 95, 101, 102, 103, 104, 105, 106, 107, 108, 109, 115, 116, 117, 118, 119, 120, 121, 122, 123, 129, 130, 131, 132, 133, 134, 135, 136, 137])]",Naomi Carrigan
fix: relocate CodeAlly banner to fit layout (#50534),1685535959,['client/src/templates/Challenges/codeally/show.tsx'],"[('client/src/templates/Challenges/codeally/show.tsx', [258, 259], [256])]",CallmeHongmaybe
fix: only show loader message on layout (#50556),1685533929,"['client/src/components/helpers/__snapshots__/loader.test.tsx.snap', 'client/src/components/helpers/loader.tsx']","[('client/src/components/helpers/__snapshots__/loader.test.tsx.snap', [], [17, 18, 19, 20, 21, 22]), ('client/src/components/helpers/loader.tsx', [20], [20])]",Oliver Eyton-Williams
chore(deps): update dependency @types/node to v18.16.16,1685894461,"['package.json', 'pnpm-lock.yaml']","[('package.json', [115], [115]), ('pnpm-lock.yaml', [52, 53, 122, 158, 234, 553, 881, 1000, 1101, 6848, 6867, 7043, 7055, 7067, 7088, 7133, 7140, 7167, 7177, 7203, 7215, 7256, 7295, 7484, 7495, 7506, 7518, 8124, 10055, 10060, 10067, 10077, 10099, 10104, 10175, 10200, 10206, 10217, 10243, 10294, 10311, 10346, 10387, 10388, 10530, 10535, 10544, 10568, 10581, 10598, 10625, 10662, 10677, 10685, 10696, 10701, 10707, 10731, 12711, 12724, 16987, 16995, 18816, 18830, 18840, 18861, 18878, 18891, 18906, 18927, 18940, 18950, 19047, 19064, 19104, 19139, 19199, 19733, 19744, 21478, 21506, 21556, 21573, 21617, 21625, 21640, 21660, 21746, 21787, 21799, 21828, 21851, 21871, 21892, 22018, 22026, 22135, 22167, 22228, 22251, 22259, 22329, 22341, 22352, 22364, 22416, 22429, 22443, 22455, 22463, 22471, 22480, 22507, 22520, 24104, 24113, 26832, 26849, 31841, 31851, 31870], [52, 53, 122, 158, 234, 553, 881, 1000, 1101, 6848, 6867, 7043, 7055, 7067, 7088, 7133, 7140, 7167, 7177, 7203, 7215, 7256, 7295, 7484, 7495, 7506, 7518, 8124, 10055, 10060, 10067, 10077, 10099, 10104, 10175, 10200, 10206, 10217, 10243, 10294, 10311, 10346, 10527, 10532, 10541, 10565, 10578, 10595, 10622, 10659, 10674, 10682, 10693, 10698, 10704, 10728, 12708, 12721, 16984, 16992, 18813, 18827, 18837, 18858, 18875, 18888, 18903, 18924, 18937, 18947, 19044, 19061, 19101, 19136, 19196, 19730, 19741, 21475, 21503, 21553, 21570, 21614, 21622, 21637, 21657, 21743, 21784, 21796, 21825, 21848, 21868, 21889, 22015, 22023, 22132, 22164, 22225, 22248, 22256, 22326, 22338, 22349, 22361, 22413, 22426, 22440, 22452, 22460, 22468, 22477, 22504, 22517, 24101, 24110, 26829, 26846, 31838, 31848, 31867])]",renovate[bot]
fix(deps): update prisma monorepo to v4.15.0,1685843536,"['api/package.json', 'pnpm-lock.yaml']","[('api/package.json', [14, 32], [14, 32]), ('pnpm-lock.yaml', [193, 194, 239, 240, 7858, 7859, 7868, 7869, 7872, 7873, 7876, 7877, 27527, 27528, 27533], [193, 194, 239, 240, 7858, 7859, 7868, 7869, 7872, 7873, 7876, 7877, 27527, 27528, 27533])]",renovate[bot]
fix(deps): update dependency @stripe/stripe-js to v1.54.0,1685833487,"['client/package.json', 'pnpm-lock.yaml']","[('client/package.json', [58], [58]), ('pnpm-lock.yaml', [502, 504, 505, 9746, 9753, 9759, 9760], [502, 504, 505, 9746, 9753, 9759, 9760])]",renovate[bot]
chore(deps): update dependency webpack-bundle-analyzer to v4.9.0,1685822663,"['package.json', 'pnpm-lock.yaml']","[('package.json', [152], [152]), ('pnpm-lock.yaml', [163, 164, 887, 11268, 11276, 11287, 32960, 32962, 32963, 32964, 32965, 32966, 32967, 32968, 32969, 32970, 32971, 32972, 32973, 32974, 32975, 32976, 32977, 32978, 32979, 32981, 33013, 33260], [163, 164, 887, 11268, 11276, 11287, 32961, 32993, 33240])]",renovate[bot]
chore(deps): update dependency mongodb to v5.6.0,1685806964,"['pnpm-lock.yaml', 'tools/scripts/seed/package.json']","[('pnpm-lock.yaml', [1242, 1243, 24867, 24868], [1242, 1243, 24867, 24868]), ('tools/scripts/seed/package.json', [25], [25])]",renovate[bot]
"fix(curriculum) require creating store (#50575)

Co-authored-by: Tom <20648924+moT01@users.noreply.github.com>",1685797503,['curriculum/challenges/english/03-front-end-development-libraries/redux/write-a-counter-with-redux.md'],"[('curriculum/challenges/english/03-front-end-development-libraries/redux/write-a-counter-with-redux.md', [31, 33, 34, 35], [])]",Jacques Metevier
fix(deps): update dependency @headlessui/react to v1.7.15,1685793827,"['pnpm-lock.yaml', 'tools/ui-components/package.json']","[('pnpm-lock.yaml', [1254, 1255, 6969, 6970], [1254, 1255, 6969, 6970]), ('tools/ui-components/package.json', [29], [29])]",renovate[bot]
"fix(client): underline links for all languages (#50571)

Co-authored-by: Aaron <a.rcottrill521@gmail.com>",1685786021,['client/src/components/layouts/global.css'],"[('client/src/components/layouts/global.css', [166, 167, 169, 170, 171, 172], [])]",Mustafa El Rouby
chore(deps): update dependency @types/jest to v29.5.2,1685777697,"['client/package.json', 'package.json', 'pnpm-lock.yaml', 'tools/ui-components/package.json']","[('client/package.json', [147], [147]), ('package.json', [113], [113]), ('pnpm-lock.yaml', [46, 47, 763, 764, 1321, 1322, 3646, 3655, 10275, 10276, 10617, 12505, 12517], [46, 47, 763, 764, 1321, 1322, 2332, 2333, 2334, 3650, 3659, 10279, 10280, 10621, 12509, 12521]), ('tools/ui-components/package.json', [53], [53])]",renovate[bot]
chore(deps): update babel monorepo,1685770474,"['client/package.json', 'curriculum/package.json', 'package.json', 'pnpm-lock.yaml', 'tools/ui-components/package.json']","[('client/package.json', [39, 42], [39, 42]), ('curriculum/package.json', [34], [34]), ('package.json', [106], [106]), ('pnpm-lock.yaml', [1, 3, 4, 5, 25, 26, 447, 448, 456, 457, 906, 907, 1270, 1271, 2351, 2374, 2416, 2418, 2420, 2421, 2422, 2423, 2485, 2504, 2511, 2519, 2539, 2589, 2591, 2593, 2608, 2610, 2612, 2626, 2628, 2630, 2636, 2642, 2654, 2656, 2662, 2675, 2676, 2681, 2683, 2684, 2685, 2686, 2687, 2688, 2689, 2690, 2691, 2692, 2694, 2695, 2700, 2703, 2704, 2752, 2768, 2783, 2831, 2837, 2838, 2844, 2850, 2873, 2874, 2875, 2878, 2899, 2920, 2922, 2937, 2951, 2964, 2984, 3005, 3013, 3014, 3015, 3026, 3069, 3154, 3182, 3183, 3194, 3195, 3206, 3222, 3457, 3470, 3483, 3498, 3512, 3525, 3536, 3546, 3650, 3659, 4092, 4102, 4316, 4320, 4336, 4340, 4355, 4359, 4373, 4431, 4442, 4452, 4599, 4611, 4622, 4729, 4766, 4807, 4849, 4862, 4874, 4886, 5012, 5025, 5037, 5277, 5290, 5303, 5629, 5759, 5760, 5840, 5849, 5850, 5930, 5960, 5973, 5985, 6103, 6104, 6112, 6113, 6114, 6129, 6130, 6134, 6135, 6175, 6176, 6177, 6178, 6179, 6180, 6181, 8486, 9115, 9293, 9295, 9447, 9448, 9449, 9450, 9845, 9875, 9912, 10029, 10030, 12440, 12496, 12572, 12711, 12724, 13215, 13263, 17493, 18857, 18976, 18981, 18982, 18983, 21384, 22272, 22299, 22302, 22303, 33402], [1, 21, 22, 443, 444, 452, 453, 902, 903, 1266, 1267, 2347, 2370, 2412, 2414, 2416, 2417, 2418, 2419, 2481, 2487, 2488, 2489, 2490, 2491, 2492, 2493, 2494, 2509, 2516, 2524, 2535, 2536, 2537, 2538, 2539, 2540, 2541, 2542, 2543, 2544, 2546, 2547, 2548, 2549, 2550, 2551, 2552, 2553, 2554, 2555, 2556, 2557, 2558, 2560, 2561, 2562, 2563, 2564, 2565, 2566, 2567, 2568, 2569, 2570, 2571, 2573, 2574, 2575, 2634, 2636, 2638, 2653, 2655, 2657, 2671, 2673, 2675, 2681, 2687, 2700, 2706, 2719, 2720, 2721, 2722, 2723, 2724, 2725, 2726, 2727, 2728, 2730, 2731, 2736, 2738, 2740, 2741, 2746, 2796, 2812, 2827, 2867, 2868, 2869, 2879, 2885, 2886, 2892, 2894, 2895, 2896, 2897, 2898, 2904, 2921, 2922, 2923, 2924, 2925, 2926, 2927, 2928, 2929, 2930, 2931, 2932, 2934, 2935, 2936, 2943, 2944, 2945, 2968, 2989, 2991, 3006, 3020, 3021, 3022, 3024, 3025, 3026, 3027, 3028, 3029, 3030, 3031, 3032, 3033, 3046, 3066, 3087, 3095, 3096, 3097, 3108, 3151, 3236, 3264, 3265, 3276, 3277, 3288, 3304, 3539, 3552, 3565, 3580, 3594, 3607, 3618, 3628, 3732, 3741, 4174, 4184, 4398, 4402, 4418, 4422, 4437, 4441, 4455, 4513, 4524, 4534, 4681, 4693, 4704, 4811, 4848, 4889, 4931, 4944, 4956, 4968, 5094, 5107, 5119, 5359, 5372, 5385, 5711, 5841, 5842, 5922, 5931, 5932, 6012, 6042, 6055, 6067, 6185, 6186, 6194, 6195, 6210, 6211, 6212, 6213, 6214, 6215, 6216, 6217, 6218, 6219, 6220, 6222, 6223, 6224, 6225, 6226, 6227, 6228, 6232, 6233, 8576, 9205, 9383, 9385, 9537, 9538, 9539, 9540, 9935, 9965, 10002, 10119, 10120, 12530, 12586, 12662, 12801, 12814, 13305, 13353, 17583, 18947, 19066, 19071, 19072, 19073, 21474, 22362, 22389, 22392, 22393, 33492]), ('tools/ui-components/package.json', [36], [36])]",renovate[bot]
